Job Title,Company Name,Location,Skills,Links,Posted At
Senior Front-End Developer (ReactJS),Kalasko -,"Hurghada, Red Sea, Egypt ",Full TimeExperienced  3 - 6 Yrs of Exp  IT/Software Development  Information Technology (IT)  Front-End Development  React.js  HTML  CSS  Git  JavaScript  Design  MVC,/jobs/p/1DUq96vFd0nD-Senior-Front-End-Developer-ReactJS-Kalasko-Red-Sea-Egypt?o=1&l=sp&t=sj&a=front-end|search-v3|hpb,1 day ago
Experienced Senior Front End Developer,Yespays -,"New Cairo, Cairo, Egypt ",Full TimePart TimeFreelance / ProjectExperienced  4 - 12 Yrs of Exp  Creative/Design/Art  IT/Software Development  Engineering - Telecom/Technology  front-end  HTML  Information Technology (IT)  Computer Science  HTML5  Software Development  JavaScript,/jobs/p/cARbTZ5pCADL-Experienced-Senior-Front-End-Developer-Yespays-Cairo-Egypt?o=2&l=sp&t=sj&a=front-end|search-v3|hpb,2 days ago
Senior Front End Developer,Tam Development LLC -,"Riyadh, Saudi Arabia ",Full TimeWork From HomeExperienced  4+ Yrs of Exp  IT/Software Development  Engineering - Telecom/Technology  JavaScript  React  Software Development  CSS  Sass  Web Development  Information Technology (IT)  Git,/jobs/p/MNPjbAmwNA6q-Senior-Front-End-Developer-Tam-Development-LLC-Riyadh-Saudi-Arabia?o=3&l=sp&t=sj&a=front-end|search-v3|hpb,2 days ago
Front End Developer,Confidential -,"New Cairo, Cairo, Egypt ",Full TimeExperienced  4 - 6 Yrs of Exp  IT/Software Development  Angular  Angular Js  developer  JavaScript  Software Development  UI/UX  front-end  RESTful Web Services  API,/jobs/p/K14AmkwoQHDf-Front-End-Developer-Cairo-Egypt?o=4&l=sp&t=sj&a=front-end|search-v3|hpb,5 days ago
Front End Developer-Remotely,Delivery-tech -,"Cairo, Egypt ",Full TimeWork From HomeExperienced  5+ Yrs of Exp  IT/Software Development  Engineering - Telecom/Technology  front-end  CSS  JavaScript  AJAX  Angular  React  Vue.js  AngularJS,/jobs/p/D04OyrBpfrEH-Front-End-Developer-Remotely-Delivery-tech-Cairo-Egypt?o=5&l=sp&t=sj&a=front-end|search-v3|hpb,7 days ago
Senior Front End Engineer,Archicaza -,"Nasr City, Cairo, Egypt ",Full TimeExperienced  3 - 10 Yrs of Exp  IT/Software Development  Engineering - Telecom/Technology  Front-End Development  React js  HTML5  Information Technology (IT)  React  CSS3  jQuery,/jobs/p/bnEdX3l99KSJ-Senior-Front-End-Engineer-Archicaza-Cairo-Egypt?o=6&l=sp&t=sj&a=front-end|search-v3|hpb,2 days ago
Front End Developer (Angular),Bydotpy -,"New Cairo, Cairo, Egypt ",Full TimeExperienced  3+ Yrs of Exp  IT/Software Development  Engineering - Telecom/Technology  Computer Science  Angular  Software Development  front-end  Information Technology (IT)  Software Engineering  Bootstrap  HTML5,/jobs/p/01bQyyQR30vl-Front-End-Developer-Angular-Bydotpy-Cairo-Egypt?o=7&l=sp&t=sj&a=front-end|search-v3|hpb,2 days ago
Front End Developer React NextJS,Confidential -,"Cairo, Egypt ",Full TimeExperienced  2 - 3 Yrs of Exp  females_only  IT/Software Development  Computer Science  CSS3  Design  front-end  HTML5  Information Technology (IT)  JavaScript  JSON  React,/jobs/p/JhawMWvf2oaB-Front-End-Developer-React-NextJS-Cairo-Egypt?o=8&l=sp&t=sj&a=front-end|search-v3|hpb,2 days ago
Front End Developer,zVendo.com -,"Heliopolis, Cairo, Egypt ",Full TimeEntry Level  2 - 4 Yrs of Exp  IT/Software Development  Engineering - Telecom/Technology  Angular  Bootstrap  Computer Science  Cross-platform  CSS  HTML  Information Technology (IT)  JavaScript,/jobs/p/xAfjQw5faQlv-Front-End-Developer-zVendo-com-Cairo-Egypt?o=9&l=sp&t=sj&a=front-end|search-v3|hpb,7 days ago
Front End Developer,Tapleto Host -,"New Cairo, Cairo, Egypt ",Full TimeWork From HomeExperienced  3+ Yrs of Exp  IT/Software Development  SEO  JavaScript  CSS  Web Development  front-end  Computer Science  HTML5  Information Technology (IT)  PHP,/jobs/p/M2CgDIXJUlyT-Front-End-Developer-Tapleto-Host-Cairo-Egypt?o=10&l=sp&t=sj&a=front-end|search-v3|hpb,7 days ago
Front End Team Lead,Arabian Systems -,"New Cairo, Cairo, Egypt ",Full TimeManager  6+ Yrs of Exp  IT/Software Development  Engineering - Telecom/Technology  HTML  CSS  JavaScript  Sass  React.js  Angular  Typescript  Node.js,/jobs/p/dfnQu0LghmnB-Front-End-Team-Lead-Arabian-Systems-Cairo-Egypt?o=11&l=sp&t=sj&a=front-end|search-v3|hpb,8 days ago
Senior Front End Developer,Expert Apps -,"Maadi, Cairo, Egypt ",Full TimeExperienced  4+ Yrs of Exp  Creative/Design/Art  IT/Software Development  Engineering - Telecom/Technology  APIs  Angular  Computer Science  CSS  CSS3  Frameworks  HTML,/jobs/p/yxjjzAy3y8Xo-Senior-Front-End-Developer-Expert-Apps-Cairo-Egypt?o=12&l=sp&t=sj&a=front-end|search-v3|hpb,9 days ago
Senior Front End Developer (Angular),FlairsTech -,"Maadi, Cairo, Egypt ",Full TimeExperienced  5+ Yrs of Exp  IT/Software Development  Engineering - Telecom/Technology  Agile  Angular  Computer Science  CSS3  Design  Git  HTML5  Information Technology (IT),/jobs/p/NYsvNtBXJLyq-Senior-Front-End-Developer-Angular-FlairsTech-Cairo-Egypt?o=13&l=sp&t=sj&a=front-end|search-v3|hpb,14 days ago
Senior Front End Developer,Confidential -,"Cairo, Egypt ",Work From HomeExperienced  8+ Yrs of Exp  IT/Software Development  Frontend  HTML  Software Development  JavaScript  jQuery  UI  UX,/jobs/p/5JK2UPEodmMV-Senior-Front-End-Developer-Cairo-Egypt?o=14&l=sp&t=sj&a=front-end|search-v3|hpb,13 days ago
Front End Developer - (Vue.js - Nuxtjs) - Remote,Alexandria For Programming -,"Bolkly, Alexandria, Egypt ",Full TimeExperienced  1 - 2 Yrs of Exp  Installation/Maintenance/Repair  IT/Software Development  Engineering - Telecom/Technology  Vue.js  vue  Computer Science  Development  Developing  CSS3  front-end,/jobs/p/QBABY6G2b0Ub-Front-End-Developer---Vuejs---Nuxtjs---Remote-Alexandria-For-Programming-Alexandria-Egypt?o=15&l=sp&t=sj&a=front-end|search-v3|hpb,18 days ago
Front End Developer,Twerlo -,"Cairo, Egypt ",Full TimeWork From HomeExperienced  3 - 6 Yrs of Exp  IT/Software Development  Engineering - Telecom/Technology  Engineering - Other  React  Engineering  Computer Science  front-end  Redux  JavaScript  Information Technology (IT),/jobs/p/1s9Rn5Alsgah-Front-End-Developer-Twerlo-Cairo-Egypt?o=16&l=sp&t=sj&a=front-end|search-v3|hpb,7 days ago
Front End Developer,Bird Solutions -,"Sheraton, Cairo, Egypt ",Full TimeExperienced  1 - 5 Yrs of Exp  IT/Software Development  Web Development  Mobile Development  JavaScript  React js  React Native  CSS  CSS3  SaaS  HTML,/jobs/p/oMyy2LN0yg0f-Front-End-Developer-Bird-Solutions-Cairo-Egypt?o=17&l=sp&t=sj&a=front-end|search-v3|hpb,1 day ago
Angular Front-End Developer,International Advanced  -,"Nasr City, Cairo, Egypt ",Full TimeExperienced  3 - 6 Yrs of Exp  IT/Software Development  Engineering - Telecom/Technology  Software Development  Information Technology (IT)  Angular,/jobs/p/SCfzm5nCBSYa-Angular-Front-End-Developer-International-Advanced-Cairo-Egypt?o=18&l=sp&t=sj&a=front-end|search-v3|hpb,17 days ago
Front End Developer,Realikea -,"Cairo, Egypt ",InternshipEntry Level  Creative/Design/Art  IT/Software Development  Engineering - Telecom/Technology  Front end  Front end developer  Information Technology (IT)  Software Development  JavaScript  Web  Computer Science,/internship/T8MiMTBauoxy-Front-End-Developer-Realikea-Cairo-Egypt?o=19&l=sp&t=sj&a=front-end|search-v3|hpb,8 days ago
Senior Front End Developer,Ayamedica -,"New Cairo, Cairo, Egypt ",Full TimeExperienced  3 - 5 Yrs of Exp  IT/Software Development  CSS  CSS3  HTML  JavaScript  React,/jobs/p/q0FlP5BW9j0w-Senior-Front-End-Developer-Ayamedica-Cairo-Egypt?o=20&l=sp&t=sj&a=front-end|search-v3|hpb,12 days ago
Front End Developer - Vue JS,Perfect Presentation -,"6th of October, Giza, Egypt ",Full TimeExperienced  5 - 7 Yrs of Exp  IT/Software Development  Engineering - Telecom/Technology  Software Development  Information Technology (IT)  Computer Science  javaScript  HTML  Angular  React  jQuery,/jobs/p/CyrPvY5hGsMI-Front-End-Developer---Vue-JS-Perfect-Presentation-Giza-Egypt?o=21&l=sp&t=sj&a=front-end|search-v3|hpb,14 days ago
Front End Developer,eVision -,"New Cairo, Cairo, Egypt ",Full TimeExperienced  4+ Yrs of Exp  IT/Software Development  Engineering - Telecom/Technology  Angular  front-end  HTML5  Information Technology (IT)  Software Development  React  Git  JavaScript,/jobs/p/9E1dPmNa9Q3P-Front-End-Developer-eVision-Cairo-Egypt?o=22&l=sp&t=sj&a=front-end|search-v3|hpb,22 days ago
Front End Engineer (Angular/Ionic) High Growth Startup Remote,Deal -,"Cairo, Egypt ",Full TimeWork From HomeExperienced  2+ Yrs of Exp  IT/Software Development  Engineering - Telecom/Technology  Front End  Information Technology (IT)  Software Engineering  Software Development  HTML  CSS  JS  SASS,/jobs/p/rwq0COIqfKJ6-Front-End-Engineer-AngularIonic-High-Growth-Startup-Remote-Deal-Cairo-Egypt?o=23&l=sp&t=sj&a=front-end|search-v3|hpb,13 days ago
Senior Front End Engineer - (React. JS - Next. JS),Archicaza -,"Nasr City, Cairo, Egypt ",Full TimeExperienced  3 - 8 Yrs of Exp  IT/Software Development  Engineering - Telecom/Technology  Front-End Development  React js  HTML5  Information Technology (IT)  SEO  React  Computer Science  Software Development,/jobs/p/KaadOZ7Eqpa7-Senior-Front-End-Engineer---React-JS---Next-JS-Archicaza-Cairo-Egypt?o=24&l=sp&t=sj&a=front-end|search-v3|hpb,22 days ago
Front End Developer (React Js ),Worex -,"Maadi, Cairo, Egypt ",Full TimeExperienced  2 - 4 Yrs of Exp  IT/Software Development  Engineering - Telecom/Technology  Computer Science  Information Technology (IT)  SDLC  Software  React js  Front-End Development  HTML  CSS3,/jobs/p/HX8VKblt3TFY-Front-End-Developer-React-Js-Worex-Cairo-Egypt?o=25&l=sp&t=sj&a=front-end|search-v3|hpb,20 days ago
Angular Front End Developer,SevenCodeApps -,"Nasr City, Cairo, Egypt ",Full TimeExperienced  3 - 6 Yrs of Exp  IT/Software Development  Angular  CSS3  HTML5  JavaScript  Sass  Web Development  Git  Software Development  Computer Science,/jobs/p/RYHbaE7RUFPV-Angular-Front-End-Developer-SevenCodeApps-Cairo-Egypt?o=26&l=sp&t=sj&a=front-end|search-v3|hpb,16 days ago
Senior Front-End Developer (Angular),ISFP -,"Smouha, Alexandria, Egypt ",Full TimeExperienced  5+ Yrs of Exp  IT/Software Development  Engineering - Telecom/Technology  Agile  Angular  Bootstrap  Computer Science  Information Technology (IT)  Web Development  CSS  Design,/jobs/p/Idd1u9VuRWIb-Senior-Front-End-Developer-Angular-ISFP-Alexandria-Egypt?o=27&l=sp&t=sj&a=front-end|search-v3|hpb,27 days ago
Senior Front End Developer,Egabi FSI -,"Sheraton, Cairo, Egypt ",Full TimeExperienced  4 - 8 Yrs of Exp  IT/Software Development  Engineering - Telecom/Technology  Computer Science  Information Technology (IT)  javaScript  CSS  CSS3  Software Development  Angular2+  Angular,/jobs/p/RiNY5du7Dxyq-Senior-Front-End-Developer-Egabi-FSI-Cairo-Egypt?o=28&l=sp&t=sj&a=front-end|search-v3|hpb,14 days ago
Senior Front-end Vue.js - Freelance - Remote,Alexandria For Programming -,"Bolkly, Alexandria, Egypt ",Freelance / ProjectExperienced  2 - 4 Yrs of Exp  IT/Software Development  Engineering - Telecom/Technology  Computer Science  Information Technology (IT)  Electronjs  JavaScript  Software Development  Web  Vue  vuejs,/jobs/p/Q082WSiyCPmG-Senior-Front-end-Vuejs---Freelance---Remote-Alexandria-For-Programming-Alexandria-Egypt?o=29&l=sp&t=sj&a=front-end|search-v3|hpb,22 days ago
Front End Developer (Remote Internship),Seuqel Solutions -,"Cairo, Egypt ",InternshipStudent  Creative/Design/Art  IT/Software Development  Engineering - Telecom/Technology  Computer Science  Front end  Design  React  React.js  Software Development  JavaScript,/internship/zyNGGxRx4HZE-Front-End-Developer-Remote-Internship-Seuqel-Solutions-Cairo-Egypt?o=30&l=sp&t=sj&a=front-end|search-v3|hpb,23 days ago
Senior Front-End Developer,Youxel -,"Cairo, Egypt ",Full TimeExperienced  4+ Yrs of Exp  IT/Software Development  Engineering - Telecom/Technology  OOP  MV  HTML5  CSS3  RWD  CSS  javaScript  AngularJS,/jobs/p/JqMs7VqPNLSp-Senior-Front-End-Developer-Youxel-Cairo-Egypt?o=31&l=sp&t=sj&a=front-end|search-v3|hpb,28 days ago
Senior Front End Developer,Affsquare -,"Zagazig, Sharqia, Egypt ",Full TimeExperienced  4 - 6 Yrs of Exp  IT/Software Development  Engineering - Telecom/Technology  Front end  JavaScript  Front end developer  developer  Computer Science  Information Technology (IT)  Software Development  HTML,/jobs/p/AY8RdaZsHZ76-Senior-Front-End-Developer-Affsquare-Sharqia-Egypt?o=32&l=sp&t=sj&a=front-end|search-v3|hpb,1 month ago
Front End Developer,Dafater -,"Nasr City, Cairo, Egypt ",Full TimeExperienced  3+ Yrs of Exp  IT/Software Development  Engineering - Telecom/Technology  Front-End Development  OOP  JavaScript  Computer Science  Information Technology (IT)  Programming  Software Development  Vue,/jobs/p/uaaPkG2jzu8R-Front-End-Developer-Dafater-Cairo-Egypt?o=33&l=sp&t=sj&a=front-end|search-v3|hpb,29 days ago
Front-End (React) Developer,More -,"Nasr City, Cairo, Egypt ",Full TimeExperienced  2 - 4 Yrs of Exp  IT/Software Development  Engineering - Telecom/Technology  Information Technology (IT)  Software Development  Computer Science  UI  Git  React  APIs  REST,/jobs/p/B7KcJogv7QDs-Front-End-React-Developer-More-Cairo-Egypt?o=34&l=sp&t=sj&a=front-end|search-v3|hpb,28 days ago
Mid Junior Front End Developer,Wonder Travel -,"Maadi, Cairo, Egypt ",Full TimeEntry Level  2 - 4 Yrs of Exp  males_preferred  IT/Software Development  Engineering - Telecom/Technology  Computer Engineering  Computer Science  Information Technology (IT)  OOP  Java  Software Engineering  Spring  Hibernate,/jobs/p/UedfJOl1mI8q-Mid-Junior-Front-End-Developer-Wonder-Travel-Cairo-Egypt?o=35&l=sp&t=sj&a=front-end|search-v3|hpb,26 days ago
Senior Front End Developer,Wonder Travel -,"Maadi, Cairo, Egypt ",Full TimeExperienced  4 - 6 Yrs of Exp  males_preferred  IT/Software Development  Engineering - Telecom/Technology  Computer Engineering  Computer Science  Information Technology (IT)  OOP  Java  Software Engineering  Spring  Hibernate,/jobs/p/vWd2Kg0dKnB8-Senior-Front-End-Developer-Wonder-Travel-Cairo-Egypt?o=36&l=sp&t=sj&a=front-end|search-v3|hpb,26 days ago
Senior Front-End Developer,ZE LOGIC -,"Dokki, Giza, Egypt ",Full TimeExperienced  3+ Yrs of Exp  IT/Software Development  Engineering - Telecom/Technology  Software Development  CSS  JavaScript  HTML  Engineering  Computer Engineering  Redux  Front-End Development,/jobs/p/lnL5TyMC4he3-Senior-Front-End-Developer-ZE-LOGIC-Giza-Egypt?o=37&l=sp&t=sj&a=front-end|search-v3|hpb,1 month ago
Front End (Angular) Developer Team Lead,Neom Tech -,"Cairo, Egypt ",Full TimeExperienced  5 - 8 Yrs of Exp  Creative/Design/Art  IT/Software Development  Engineering - Telecom/Technology  Angular  Agile  Computer Science  CSS3  HTML5  Information Technology (IT)  JavaScript,/jobs/p/uBAMisqzTHvJ-Front-End-Angular-Developer-Team-Lead-Neom-Tech-Cairo-Egypt?o=38&l=sp&t=sj&a=front-end|search-v3|hpb,29 days ago
Frontend Developer,URANIUM -,"Maadi, Cairo, Egypt ",Full TimeExperienced  3 - 5 Yrs of Exp  IT/Software Development  Engineering - Telecom/Technology  jQuery  Computer Science  front-end  CSS3  CSS  HTML  Git  HTML5,/jobs/p/aFfxIe4pO6aw-Frontend-Developer-URANIUM-Cairo-Egypt?o=39&l=sp&t=sj&a=front-end|search-v3|hpb,12 days ago
Senior Frontend JS Developer- React,Reach -,"New Cairo, Cairo, Egypt ",Full TimeWork From HomeExperienced  3 - 5 Yrs of Exp  IT/Software Development  Engineering - Telecom/Technology  Information Technology (IT)  Front-End  Git  RESTful  Typescript  Computer Science  Software Development  javaScript,/jobs/p/pEl6QzhJAG6G-Senior-Frontend-JS-Developer--React-Reach-Cairo-Egypt?o=40&l=sp&t=sj&a=front-end|search-v3|hpb,8 days ago
Frontend Developer,MTS-IT -,"Maadi, Cairo, Egypt ",Full TimeExperienced  1 - 3 Yrs of Exp  IT/Software Development  Angular  front-end  Frontend  HTML  CSS  Information Technology (IT)  JavaScript  Bootstrap  Software Development,/jobs/p/KUcGQNdCfCDC-Frontend-Developer-MTS-IT-Cairo-Egypt?o=41&l=sp&t=sj&a=front-end|search-v3|hpb,15 days ago
Senior Frontend Developer,MTS-IT -,"Maadi, Cairo, Egypt ",Full TimeExperienced  3 - 5 Yrs of Exp  IT/Software Development  Angular  front-end  Frontend  HTML  CSS  Information Technology (IT)  JavaScript  Bootstrap  Software Development,/jobs/p/vDGFUUALmtbM-Senior-Frontend-Developer-MTS-IT-Cairo-Egypt?o=42&l=sp&t=sj&a=front-end|search-v3|hpb,15 days ago
Front-End Team Lead,Youxel -,"Cairo, Egypt ",Full TimeManager  4+ Yrs of Exp  IT/Software Development  Engineering - Telecom/Technology  Computer Science  Computer Engineering  Information Technology (IT)  Front-End Lead  Typescript  Angular  javaScript  jQuery,/jobs/p/Vv9dHNtK4mp0-Front-End-Team-Lead-Youxel-Cairo-Egypt?o=43&l=sp&t=sj&a=front-end|search-v3|hpb,1 month ago
(Senior) Frontend Developer (m/f/d),WorkMotion -,"Cairo, Egypt ",Full TimeWork From HomeExperienced  2 - 3 Yrs of Exp  IT/Software Development  Agile Software Development  Vue.js  Front-End Development  Scrum,/jobs/p/7th7zO05H5HK-Senior-Frontend-Developer-mfd-WorkMotion-Cairo-Egypt?o=44&l=sp&t=sj&a=front-end|search-v3|hpb,18 days ago
Software Engineer/Front-end,Paymint -,"Downtown, Cairo, Egypt ",Full TimeExperienced  2+ Yrs of Exp  IT/Software Development  Engineering - Telecom/Technology  Computer Science  Development  Front end  Git  HTML  Information Technology (IT)  JavaScript  jQuery,/jobs/p/MuOgoeGFibt8-Software-EngineerFront-end-Paymint-Cairo-Egypt?o=45&l=sp&t=sj&a=front-end|search-v3|hpb,1 month ago
Front-End / React & React-Native Developer - Alexandria,Arabic Localizer -,"San Stefano, Alexandria, Egypt ",Full TimeEntry Level  1+ Yrs of Exp  IT/Software Development  Engineering - Telecom/Technology  JavaScript  Web Development  Mobile Application  ES6  ES7  Front-End Technologies  Vue  Angular,/jobs/p/ZzETt4OthV4O-Front-End-React-React-Native-Developer---Alexandria-Arabic-Localizer-Alexandria-Egypt?o=46&l=sp&t=sj&a=front-end|search-v3|hpb,5 days ago
Senior Front End Developer Angular Technology,FlairsTech -,"Maadi, Cairo, Egypt ",Full TimeExperienced  5+ Yrs of Exp  IT/Software Development  Engineering - Telecom/Technology  Agile  Angular  Computer Science  CSS3  Design  Git  HTML5  Information Technology (IT),/jobs/p/aaHZApnVTxZ8-Senior-Front-End-Developer-Angular-Technology-FlairsTech-Cairo-Egypt?o=47&l=sp&t=sj&a=front-end|search-v3|hpb,2 days ago
Front End Developer,orca -,"Mansoura, Dakahlia, Egypt ",Full TimeWork From HomeSenior Management  2 - 4 Yrs of Exp  IT/Software Development  Vue.js  Front-End Development  Front end  Front end developer  Computer Science,/jobs/p/omUFrEFaW6fw-Front-End-Developer-orca-Dakahlia-Egypt?o=48&l=sp&t=sj&a=front-end|search-v3|hpb,1 month ago
Front-end Developer - Remotely for UK from Egypt,Mobile Wave 3 -,"Nasr City, Cairo, Egypt ",Full TimeFreelance / ProjectExperienced  8+ Yrs of Exp  IT/Software Development  Engineering - Telecom/Technology  HTML  HTML5  jQuery  Angular  CSS  JavaScript  CSS3  Front end,/jobs/p/0CuXBYZTnstR-Front-end-Developer---Remotely-for-UK-from-Egypt-Mobile-Wave-3-Cairo-Egypt?o=49&l=sp&t=sj&a=front-end|search-v3|hpb,1 month ago
UX & Web Front-End Developer,iucon Egypt -,"Dokki, Giza, Egypt ",Full TimeEntry Level  0 - 2 Yrs of Exp  IT/Software Development  Engineering - Telecom/Technology  Computer Science  Frameworks  Design  JavaScript  Software Development  Html 5  HTML  Information Technology (IT),/jobs/p/csrBAOyTiGmy-UX-Web-Front-End-Developer-iucon-Egypt-Giza-Egypt?o=50&l=sp&t=sj&a=front-end|search-v3|hpb,1 month ago
UI/UX Designer - Front End Developer,Tidal -,"Cairo, Egypt ",Full TimePart TimeFreelance / ProjectExperienced  2 - 4 Yrs of Exp  Creative/Design/Art  IT/Software Development  Engineering - Telecom/Technology  UI Design  UX  Adobe Photoshop  CSS  Design  Information Technology (IT)  HTML,/jobs/p/gCrZSBcGBZkR-UIUX-Designer---Front-End-Developer-Tidal-Cairo-Egypt?o=51&l=sp&t=sj&a=front-end|search-v3|hpb,1 month ago
Front-End Software Engineer,Eden Solutions -,"Heliopolis, Cairo, Egypt ",Full TimeExperienced  2+ Yrs of Exp  IT/Software Development  Engineering - Telecom/Technology  Software Development  Typescript  Computer Science  Information Technology (IT)  Software Engineering  Front-End Development  HTML  CSS,/jobs/p/wW4BkeKAIaeG-Front-End-Software-Engineer-Eden-Solutions-Cairo-Egypt?o=52&l=sp&t=sj&a=front-end|search-v3|hpb,1 month ago
Senior Full Stack Developer/Frontend,Confidential -,"Nasr City, Cairo, Egypt ",Full TimeWork From HomeExperienced  3 - 5 Yrs of Exp  IT/Software Development  Full Stack  JavaScript  PHP  React  Information Technology (IT)  Laravel,/jobs/p/izJH7y1nWCAj-Senior-Full-Stack-DeveloperFrontend-Cairo-Egypt?o=53&l=sp&t=sj&a=front-end|search-v3|hpb,1 month ago
Angular Front End Developer,Glamera -,"Nasr City, Cairo, Egypt ",Full TimeExperienced  3 - 6 Yrs of Exp  IT/Software Development  Engineering - Telecom/Technology  Front-End Development  Angular  jQuery  MVC  JSON  Information Technology (IT)  XML  CSS3,/jobs/p/mOAYher05B0n-Angular-Front-End-Developer-Glamera-Cairo-Egypt?o=54&l=sp&t=sj&a=front-end|search-v3|hpb,2 months ago
Mid-level Frontend Developer,Kick Start Interactive -,"Dokki, Giza, Egypt ",Full TimeExperienced  2 - 4 Yrs of Exp  IT/Software Development  CSS  HTML5  Information Technology (IT)  Software Development  JavaScript  Sass  Laravel  CSS3  Vue.js,/jobs/p/whAoVFeXvRrS-Mid-level-Frontend-Developer-Kick-Start-Interactive-Giza-Egypt?o=55&l=sp&t=sj&a=front-end|search-v3|hpb,2 months ago
Angular Frontend Developer,TRIMETIS -,"Cairo, Egypt ",Full TimeWork From HomeExperienced  5 - 15 Yrs of Exp  IT/Software Development  Engineering - Telecom/Technology  Angular  Computer Science  Git  CSS  Sass  JavaScript  Information Technology (IT)  Software Development,/jobs/p/jxiLBKLUMaZo-Angular-Frontend-Developer-TRIMETIS-Cairo-Egypt?o=56&l=sp&t=sj&a=front-end|search-v3|hpb,1 month ago
Senior Frontend Engineer - (Vue / Nuxt.js),Remotecoders -,"Maadi, Cairo, Egypt ",Full TimeExperienced  3 - 15 Yrs of Exp  IT/Software Development  Engineering - Telecom/Technology  Vue.js  nuxt.js  CSS  Information Technology (IT)  senior  senior frontend  Software Development  nuxt,/jobs/p/VPh3aJmE1D6j-Senior-Frontend-Engineer---Vue-Nuxtjs-Remotecoders-Cairo-Egypt?o=57&l=sp&t=sj&a=front-end|search-v3|hpb,21 days ago
Front End Developer - React JS,Deli Techno -,"Alexandria, Egypt ",Full TimeExperienced  3 - 5 Yrs of Exp  IT/Software Development  Engineering - Telecom/Technology  Front end  Software Engineering  Software Development  Computer Science,/jobs/p/OvQg6aVQg8YO-Front-End-Developer---React-JS-Deli-Techno-Alexandria-Egypt?o=58&l=sp&t=sj&a=front-end|search-v3|hpb,2 months ago
Senior Frontend Engineer - Angular,Remotecoders -,"Maadi, Cairo, Egypt ",Full TimeExperienced  3 - 15 Yrs of Exp  IT/Software Development  Angular  AngularJS  JavaScript  Typescript  HTML5  CSS3  Python  Software  Software Development,/jobs/p/quqVOekV7kvk-Senior-Frontend-Engineer---Angular-Remotecoders-Cairo-Egypt?o=59&l=sp&t=sj&a=front-end|search-v3|hpb,13 days ago
Senior Front End Developer,Orion -,"New Cairo, Cairo, Egypt ",Full TimeExperienced  2+ Yrs of Exp  IT/Software Development  Engineering - Telecom/Technology  React  HTML5  CSS3  JavaScript  Software Development  Computer Science  CSS  Git,/jobs/p/QcE86ShZv1Gp-Senior-Front-End-Developer-Orion-Cairo-Egypt?o=60&l=sp&t=sj&a=front-end|search-v3|hpb,2 months ago
Senior frontend web developer ( ReactJS-React Native),SSC Egypt -,"Downtown, Cairo, Egypt ",Full TimeExperienced  3 - 4 Yrs of Exp  IT/Software Development  Computer Science  Software Development  Git  JavaScript  Native  React  React Native  SSR  Web Development,/jobs/p/3fF44FlnhFI9-Senior-frontend-web-developer-ReactJS-React-Native-SSC-Egypt-Cairo-Egypt?o=61&l=sp&t=sj&a=front-end|search-v3|hpb,6 days ago
Java Back-End Developer,Mobilar -,"Nasr City, Cairo, Egypt ",Full TimeWork From HomeEntry Level  1 - 3 Yrs of Exp  IT/Software Development  Engineering - Telecom/Technology  Software Testing  Arabic  English  Computer Science  Information Technology (IT)  IT  Quality Control  APIs,/jobs/p/JEXscT1n7Bq3-Java-Back-End-Developer-Mobilar-Cairo-Egypt?o=62&l=sp&t=sj&a=front-end|search-v3|hpb,6 days ago
Senior Frontend Developer,Bypa-ss -,"Maadi, Cairo, Egypt ",Full TimeExperienced  3 - 5 Yrs of Exp  Installation/Maintenance/Repair  IT/Software Development  Engineering - Telecom/Technology  Automation  AWS  Software Development  Kubernetes  Information Technology (IT)  DevOps  Software,/jobs/p/NGnHPrV7fT4W-Senior-Frontend-Developer-Bypa-ss-Cairo-Egypt?o=63&l=sp&t=sj&a=front-end|search-v3|hpb,1 day ago
Front Desk Officer,Dawi Clinics -,"Beni Suef, Egypt ",Full TimeExperienced  1 - 2 Yrs of Exp  Administration  Customer Service/Support  Operations/Management  Administration  Communication  Communication skills  Office management  Front desk  Sales  office,/jobs/p/UhYb0O9KLQlZ-Front-Desk-Officer-Dawi-Clinics-Beni-Suef-Egypt?o=64&l=sp&t=sj&a=front-end|search-v3|hpb,4 days ago
Python Developer,Synergy Markets -,"New Cairo, Cairo, Egypt ",Freelance / ProjectManager  4 - 7 Yrs of Exp  IT/Software Development  back-end  front-end  Python,/jobs/p/Coiipd7kP6Za-Python-Developer-Synergy-Markets-Cairo-Egypt?o=65&l=sp&t=sj&a=front-end|search-v3|hpb,1 month ago
React JS Developer,Teqneia -,"Sheikh Zayed, Giza, Egypt ",Full TimeFreelance / ProjectEntry Level  1 - 3 Yrs of Exp  IT/Software Development  Startup  React.JS  Software Development  JavaScript  RESTful APIs  React  Redux  Computer Science  Information Technology (IT),/jobs/p/PXLBqtLAyoT0-React-JS-Developer-Teqneia-Giza-Egypt?o=66&l=sp&t=sj&a=front-end|search-v3|hpb,13 days ago
Senior Back End Engineer [ Node ] High Growth Startup - Remote,Deal -,"Cairo, Egypt ",Full TimeWork From HomeExperienced  2+ Yrs of Exp  IT/Software Development  Engineering - Telecom/Technology  Information Technology (IT)  Computer Science  REST API  NodeJS  Back End  Node.js  Software Development  Back-End,/jobs/p/dmg2CXqiXr0F-Senior-Back-End-Engineer-Node-High-Growth-Startup---Remote-Deal-Cairo-Egypt?o=67&l=sp&t=sj&a=front-end|search-v3|hpb,9 days ago
Senior Angular Frontend Developer,42 Group -,"Nasr City, Cairo, Egypt ",Full TimeExperienced  4 - 5 Yrs of Exp  IT/Software Development  Engineering - Telecom/Technology  AngularJS  JavaScript  Computer Engineering  Software Development  Computer Science  Engineering  HTML  Information Technology (IT),/jobs/p/vMVA39zKEsyB-Senior-Angular-Frontend-Developer-42-Group-Cairo-Egypt?o=68&l=sp&t=sj&a=front-end|search-v3|hpb,13 days ago
Front End Vue.JS Developer,Confidential -,"Badr City, Cairo, Egypt ",Full TimeExperienced  2 - 5 Yrs of Exp  Creative/Design/Art  IT/Software Development  Engineering - Telecom/Technology  front-end  HTML  CSS  Vue.js  Vue  JavaScript  Js,/jobs/p/D8T3ILw6eVWe-Front-End-VueJS-Developer-Cairo-Egypt?o=69&l=sp&t=sj&a=front-end|search-v3|hpb,28 days ago
Front End Developer,Perfect Presentation -,"6th of October, Giza, Egypt ",Full TimeExperienced  6+ Yrs of Exp  IT/Software Development  Engineering - Telecom/Technology  Agile  Angular  Front end  front-end  HTML5  CSS  JavaScript  Software Development,/jobs/p/hbnktJnZ9CnV-Front-End-Developer-Perfect-Presentation-Giza-Egypt?o=70&l=sp&t=sj&a=front-end|search-v3|hpb,2 months ago
Senior C++ on Linux Developer,RDI -,"Dokki, Giza, Egypt ",Full TimeExperienced  3+ Yrs of Exp  IT/Software Development  Engineering - Telecom/Technology  C++  Software Development  Linux  oop  Front-End  Computer Engineering  Analysis  Linux OS,/jobs/p/uKN8cqeBRV45-Senior-C-on-Linux-Developer-RDI-Giza-Egypt?o=71&l=sp&t=sj&a=front-end|search-v3|hpb,2 months ago
React JS Developer - Fresh (Remote),Alexandria For Programming -,"Bolkly, Alexandria, Egypt ",Full TimeEntry Level  1 - 2 Yrs of Exp  IT/Software Development  Engineering - Telecom/Technology  APIs  back-end  Computer Science  Information Technology (IT)  front-end  JavaScript  ReactJS  Software,/jobs/p/6a6yuJXewVdy-React-JS-Developer---Fresh-Remote-Alexandria-For-Programming-Alexandria-Egypt?o=72&l=sp&t=sj&a=front-end|search-v3|hpb,18 days ago
Frontend Developer - ReactJS / VueJS (FinTech),Bright Creations -,"Smart Village, Giza, Egypt ",Full TimeFreelance / ProjectWork From HomeExperienced  4+ Yrs of Exp  IT/Software Development  Engineering - Telecom/Technology  Sass  JavaScript  CSS  UI  Frontend  HTML5  Software Development  Vue.js,/jobs/p/QFF7sBYZZgd0-Frontend-Developer---ReactJS-VueJS-FinTech-Bright-Creations-Giza-Egypt?o=73&l=sp&t=sj&a=front-end|search-v3|hpb,2 months ago
Senior UX/UI Designer,Dimofinf Operations Center -,"Nasr City, Cairo, Egypt ",Full TimeExperienced  3 - 6 Yrs of Exp  Creative/Design/Art  IT/Software Development  Engineering - Telecom/Technology  Computer Science  Design  front-end  HTML5  Information Technology (IT)  JavaScript  photoshop,/jobs/p/45KkOSl53ldu-Senior-UXUI-Designer-Dimofinf-Operations-Center-Cairo-Egypt?o=74&l=sp&t=sj&a=front-end|search-v3|hpb,14 days ago
Senior Full Stack Developer 22005,Ditech Egypt -,"Cairo, Egypt ",Full TimeExperienced  7+ Yrs of Exp  IT/Software Development  Engineering - Telecom/Technology  C#  ASP.NET  SQL  .NET  MVC  Angular  Computer Science  Information Technology (IT),/jobs/p/aVCgoVptQqjs-Senior-Full-Stack-Developer-22005-Ditech-Egypt-Cairo-Egypt?o=75&l=sp&t=sj&a=front-end|search-v3|hpb,19 days ago
Senior Front End Developer (React Js),Arabian Systems -,"New Cairo, Cairo, Egypt ",Full TimeExperienced  3 - 8 Yrs of Exp  IT/Software Development  Engineering - Telecom/Technology  HTML  CSS  React js  Sass  Next Js  OOP  JavaScript  front-end,/jobs/p/fRZ65esp70MH-Senior-Front-End-Developer-React-Js-Arabian-Systems-Cairo-Egypt?o=76&l=sp&t=sj&a=front-end|search-v3|hpb,7 days ago
Senior Full Stack Developer,DBS -,"New Cairo, Cairo, Egypt ",Full TimeExperienced  3+ Yrs of Exp  IT/Software Development  Engineering - Telecom/Technology  Information Technology (IT)  Development  Software Development  Computer Science  front-end  HTML5  JavaScript  ASP.Net,/jobs/p/AJSx4kamEeEL-Senior-Full-Stack-Developer-DBS-Cairo-Egypt?o=77&l=sp&t=sj&a=front-end|search-v3|hpb,2 months ago
Front End Developer,Confidential -,"Riyadh, Saudi Arabia ",Full TimePart TimeExperienced  2+ Yrs of Exp  IT/Software Development  Engineering - Telecom/Technology  Vue.js  nuxt js  nuxtjs  APIs  front-end  CSS  HTML  Bootstrap,/jobs/p/VhriAXOVUtwL-Front-End-Developer-Riyadh-Saudi-Arabia?o=78&l=sp&t=sj&a=front-end|search-v3|hpb,16 days ago
Senior PHP Developer (Laravel),Our Education -,"Nasr City, Cairo, Egypt ",Full TimeExperienced  3 - 5 Yrs of Exp  IT/Software Development  Engineering - Telecom/Technology  PHP  Computer Science  Laravel  HTML5  CSS3  MVC  Programming  javaScript,/jobs/p/YmU2WRtbLdTc-Senior-PHP-Developer-Laravel-Our-Education-Cairo-Egypt?o=79&l=sp&t=sj&a=front-end|search-v3|hpb,2 months ago
Mid-level Front End Developer (Vue.js),Linakis Digital -,"Heliopolis, Cairo, Egypt ",Full TimeExperienced  3 - 6 Yrs of Exp  IT/Software Development  Engineering - Telecom/Technology  Computer Science  developer  Front end developer  Front end  Information Technology (IT)  JavaScript  Js  senior,/jobs/p/4H6dAonWoyQF-Mid-level-Front-End-Developer-Vuejs-Linakis-Digital-Cairo-Egypt?o=80&l=sp&t=sj&a=front-end|search-v3|hpb,22 days ago
Senior Front End Developer - (ReactJS),Atomica -,"Giza, Egypt ",Full TimeWork From HomeExperienced  3+ Yrs of Exp  IT/Software Development  Engineering - Telecom/Technology  Front-End Development  React  React.js  React js  HTML  CSS  Software Development  Software Engineering,/jobs/p/RSvl5CjOjC48-Senior-Front-End-Developer---ReactJS-Atomica-Giza-Egypt?o=81&l=sp&t=sj&a=front-end|search-v3|hpb,2 months ago
Senior Front End Developer (Remotely),SURE International Technology -,"Cairo, Egypt ",Full TimeWork From HomeExperienced  3+ Yrs of Exp  IT/Software Development  Engineering - Telecom/Technology  Angular  Software Development  Computer Science  frontend  front end  APIs  CSS  Git,/jobs/p/A2Kee66lWM7i-Senior-Front-End-Developer-Remotely-SURE-International-Technology-Cairo-Egypt?o=82&l=sp&t=sj&a=front-end|search-v3|hpb,2 months ago
Wordpress Developer,Al-Assly for Electronics and Home Appliances  -,"Mansoura, Dakahlia, Egypt ",Full TimeExperienced  2 - 4 Yrs of Exp  IT/Software Development  Engineering - Telecom/Technology  back-end  front-end  Technical Support  WordPress Development  WordPress  Plugins,/jobs/p/kAYJIb2oxhE8-Wordpress-Developer-Al-Assly-for-Electronics-and-Home-Appliances-Dakahlia-Egypt?o=83&l=sp&t=sj&a=front-end|search-v3|hpb,2 months ago
UI / Front-End Developer,@DESIGNS Agency -,"Dokki, Giza, Egypt ",Full TimePart TimeFreelance / ProjectEntry Level  1+ Yrs of Exp  IT/Software Development  Engineering - Telecom/Technology  HTML  CSS  javaScript  DreamWeaver  Web Design  Adobe Photoshop  UI  Adobe Dreamweaver,/jobs/p/K0h9FwNCudbu-UI-Front-End-Developer-DESIGNS-Agency-Giza-Egypt?o=84&l=sp&t=sj&a=front-end|search-v3|hpb,22 days ago
Senior Back-end Developer,Ayamedica -,"New Cairo, Cairo, Egypt ",Full TimeExperienced  3 - 5 Yrs of Exp  IT/Software Development  Development  GraphQL  MongoDB  Software Development,/jobs/p/GtRh4TTlRCp5-Senior-Back-end-Developer-Ayamedica-Cairo-Egypt?o=85&l=sp&t=sj&a=front-end|search-v3|hpb,2 months ago
Frontend Development Lead,Nugttah -,"Cairo, Egypt ",Full TimeWork From HomeEntry Level  1 - 6 Yrs of Exp  IT/Software Development  Engineering - Telecom/Technology  MEAN Stack  Computer Science  Development  Debugging  Information Technology (IT)  Software Development  Js  Software Engineering,/jobs/p/eVnKFeGMmxdF-Frontend-Development-Lead-Nugttah-Cairo-Egypt?o=86&l=sp&t=sj&a=front-end|search-v3|hpb,2 months ago
Senior Front End Developer,Smart Technologies -,"Nasr City, Cairo, Egypt ",Full TimeExperienced  3 - 6 Yrs of Exp  IT/Software Development  Engineering - Telecom/Technology  APIs  Computer Science  CSS3  HTML5  Vue  Software Development  SEO  RESTful,/jobs/p/ldONmtBycSzB-Senior-Front-End-Developer-Smart-Technologies-Cairo-Egypt?o=87&l=sp&t=sj&a=front-end|search-v3|hpb,2 months ago
Python Developer,Confidential -,"New Cairo, Cairo, Egypt ",Full TimeExperienced  4 - 6 Yrs of Exp  IT/Software Development  Django  Flask  UI/UX  RESTful APIs  Unit Testing  Solid Edge  Front-End Development  Back-End Development,/jobs/p/tiTmZoA7L8RW-Python-Developer-Cairo-Egypt?o=88&l=sp&t=sj&a=front-end|search-v3|hpb,27 days ago
software developer,National Data Management -,"Hadayek Alahram, Giza, Egypt ",InternshipEntry Level  IT/Software Development  Engineering - Telecom/Technology  Computer Science  computer  Software Development  Information Technology (IT)  Agile  Front-End Development  HTML  REST,/internship/VKNatLZho6Ep-software-developer-National-Data-Management-Giza-Egypt?o=89&l=sp&t=sj&a=front-end|search-v3|hpb,23 days ago
PHP Developer,The Translation Gate -,"Maadi, Cairo, Egypt ",Full TimeExperienced  3+ Yrs of Exp  IT/Software Development  Engineering - Telecom/Technology  Information Technology (IT)  Computer Science  Computer Engineering  Software Development  Software Engineering  Web Development  PHP  HTML,/jobs/p/7R917nYdmV0C-PHP-Developer-The-Translation-Gate-Cairo-Egypt?o=90&l=sp&t=sj&a=front-end|search-v3|hpb,1 month ago
Internship Full Stack Web Developer (NODE.JS & React) - Alexandria),Procrew -,"San Stefano, Alexandria, Egypt ",InternshipEntry Level  IT/Software Development  Engineering - Telecom/Technology  MySQL  Node.js  Programming  Software Development  Angular  React  Computer Science  front-end,/internship/LPjTzut4SWqH-Internship-Full-Stack-Web-Developer-NODEJS-React---Alexandria-Procrew-Alexandria-Egypt?o=91&l=sp&t=sj&a=front-end|search-v3|hpb,1 month ago
Java Developer,Premier Services and Recruitment -,"Maadi, Cairo, Egypt ",Full TimeExperienced  2 - 10 Yrs of Exp  IT/Software Development  Back End Developer  Front end developer  JavaScript  Java  SQL,/jobs/p/xlpe3zsxLxwZ-Java-Developer-Premier-Services-and-Recruitment-Cairo-Egypt?o=92&l=sp&t=sj&a=front-end|search-v3|hpb,1 month ago
Angular Developer,Ultimate Solutions Egypt -,"6th of October, Giza, Egypt ",Full TimeExperienced  3 - 5 Yrs of Exp  IT/Software Development  Engineering - Telecom/Technology  Angular  Software Development  Web Development  Dot Net Web Developer  NET  NET Developer  Java Software Development  UX Design,/jobs/p/SIiBnAk0GFx8-Angular-Developer-Ultimate-Solutions-Egypt-Giza-Egypt?o=93&l=sp&t=sj&a=front-end|search-v3|hpb,1 month ago
Senior Frontend Developer Vue.js,Totira -,"Cairo, Egypt ",Full TimeExperienced  3+ Yrs of Exp  IT/Software Development  Computer Science  Design  Front end,/jobs/p/tAG3LRvVTkLv-Senior-Frontend-Developer-Vuejs-Totira-Cairo-Egypt?o=94&l=sp&t=sj&a=front-end|search-v3|hpb,2 months ago
WordPress Developer,Digital Experts  -,"Heliopolis, Cairo, Egypt ",Full TimeExperienced  3 - 5 Yrs of Exp  IT/Software Development  Engineering - Telecom/Technology  Information Technology (IT)  Computer Science  Communication Skills  WordPress  PHP  javaScript  HTML5  jQuery,/jobs/p/eNVZETQfLQ09-WordPress-Developer-Digital-Experts-Cairo-Egypt?o=95&l=sp&t=sj&a=front-end|search-v3|hpb,1 month ago
Senior Back-End Web Developer (PHP),Vijua -,"6th of October, Giza, Egypt ",Full TimeWork From HomeExperienced  3 - 7 Yrs of Exp  IT/Software Development  Engineering - Telecom/Technology  OOP  JavaScript  Information Technology (IT)  Git  PHP  Computer Science  AWS  Software Development,/jobs/p/XjOCNFpOpb5j-Senior-Back-End-Web-Developer-PHP-Vijua-Giza-Egypt?o=96&l=sp&t=sj&a=front-end|search-v3|hpb,1 month ago
Full Stack Developer,Confidential -,"Moharam Bek, Alexandria, Egypt ",Full TimeEntry Level  1 - 4 Yrs of Exp  IT/Software Development  Engineering - Telecom/Technology  MySQL  Computer Science  Docker  Laravel Framework  Laravel  Nginx  Elasticsearch  Logstash,/jobs/p/n8FQsL8FwwLF-Full-Stack-Developer-Alexandria-Egypt?o=97&l=sp&t=sj&a=front-end|search-v3|hpb,1 month ago
Full Stack Developer - Laravel/VueJS (FinTech/Community),Bright Creations -,"Smart Village, Giza, Egypt ",Full TimePart TimeFreelance / ProjectExperienced  4+ Yrs of Exp  IT/Software Development  Engineering - Telecom/Technology  Engineering  APIs  JavaScript  Laravel  PHP  Vue.js  React.js  Front-End Development,/jobs/p/FrwCZqK4gY04-Full-Stack-Developer---LaravelVueJS-FinTechCommunity-Bright-Creations-Giza-Egypt?o=98&l=sp&t=sj&a=front-end|search-v3|hpb,2 months ago
Senior React JS Developer,Proxym Group -,"Sheraton, Cairo, Egypt ",Full TimeExperienced  5+ Yrs of Exp  IT/Software Development  Engineering - Telecom/Technology  JavaScript  React.js  CSS  HTML  Redux  front-end,/jobs/p/9y4hDdgvzyPf-Senior-React-JS-Developer-Proxym-Group-Cairo-Egypt?o=99&l=sp&t=sj&a=front-end|search-v3|hpb,2 months ago
Back-End PHP Developer,Confidential -,"Mansoura, Dakahlia, Egypt ",Full TimeWork From HomeExperienced  3 - 5 Yrs of Exp  Installation/Maintenance/Repair  IT/Software Development  Engineering - Telecom/Technology  AJAX  backend  MVC  MySQL  PHP  Express.js  Node.js,/jobs/p/4HEi1mDQRsfS-Back-End-PHP-Developer-Dakahlia-Egypt?o=100&l=sp&t=sj&a=front-end|search-v3|hpb,2 months ago
Software Engineering Director,Confidential -,"Nasr City, Cairo, Egypt ",Full TimeSenior Management  4+ Yrs of Exp  IT/Software Development  Operations/Management  Engineering - Telecom/Technology  PHP  Mongo DB  Mongo  Symfony 2  Angular  Yii  Laravel,/jobs/p/gDSvDDkvFwHZ-Software-Engineering-Director-Cairo-Egypt?o=101&l=sp&t=sj&a=front-end|search-v3|hpb,1 month ago
Senior Backend NodeJS Developer,Edentech -,"Cairo, Egypt ",Full TimeExperienced  4+ Yrs of Exp  IT/Software Development  Engineering - Telecom/Technology  Node.js  Microservice Architecture  JavaScript  Computer Science  AJAX  Information Technology (IT)  HTML  CSS,/jobs/p/JN7PjmznIA4t-Senior-Backend-NodeJS-Developer-Edentech-Cairo-Egypt?o=102&l=sp&t=sj&a=front-end|search-v3|hpb,2 months ago
Cloud Engineer,34ML -,"Heliopolis, Cairo, Egypt ",Full TimeEntry Level  0 - 3 Yrs of Exp  IT/Software Development  Engineering - Telecom/Technology  Software Development  Information Technology (IT)  MEAN Stack  Mobile Development  Objective-C  Software Design  Web Development  Web Design,/jobs/p/FPhLRJO7l3Vf-Cloud-Engineer-34ML-Cairo-Egypt?o=103&l=sp&t=sj&a=front-end|search-v3|hpb,2 months ago
Web Developer - Remote Job,Confidential -,"Sharjah, United Arab Emirates ",Part TimeWork From HomeExperienced  2 - 7 Yrs of Exp  Creative/Design/Art  IT/Software Development  Engineering - Telecom/Technology  JavaScript  React.js  WordPress  Creative Design  Web Development  SEO  Software Development,/jobs/p/wBzzh3tVnXdP-Web-Developer---Remote-Job-Sharjah-United-Arab-Emirates?o=104&l=sp&t=sj&a=front-end|search-v3|hpb,1 month ago
Full Stack Developer,Paymint -,"Cairo, Egypt ",Full TimeExperienced  2+ Yrs of Exp  IT/Software Development  Engineering - Telecom/Technology  back-end  HTML5  PHP  Software Development  CSS  JavaScript  DevOps  Information Technology (IT),/jobs/p/PPTyC61x9NPl-Full-Stack-Developer-Paymint-Cairo-Egypt?o=105&l=sp&t=sj&a=front-end|search-v3|hpb,1 month ago
.NET Full Stack,Confidential -,"Mohandessin, Giza, Egypt ",Full TimeExperienced  1 - 4 Yrs of Exp  Creative/Design/Art  IT/Software Development  Engineering - Telecom/Technology  .Net  Angular  ASP.Net  Computer Science  HTML5  Git  Information Technology (IT),/jobs/p/BMlHMKVZSEHm-NET-Full-Stack-Giza-Egypt?o=106&l=sp&t=sj&a=front-end|search-v3|hpb,5 days ago
"Team Leader / Senior Full Stack, PHP, Drupal Developer",Orange Studio -,"Nasr City, Cairo, Egypt ",Full TimeExperienced  4+ Yrs of Exp  IT/Software Development  Engineering - Telecom/Technology  PHP  Full Stack  Web Development  Information Technology (IT)  UI  UX  Drupal  Lamp Stack,/jobs/p/vt1Flf47A05y-Team-Leader-Senior-Full-Stack-PHP-Drupal-Developer-Orange-Studio-Cairo-Egypt?o=107&l=sp&t=sj&a=front-end|search-v3|hpb,5 days ago
Senior Developer,ADAA Applications -,"New Cairo, Cairo, Egypt ",Full TimeSenior Management  4 - 8 Yrs of Exp  IT/Software Development  .Net  Software Development  JavaScript  HTML5,/jobs/p/tXf2pukckFEr-Senior-Developer-ADAA-Applications-Cairo-Egypt?o=108&l=sp&t=sj&a=front-end|search-v3|hpb,1 day ago
Senior .NET Full Stack Developer (.NET Core & Angular),Lumin -,"Sheikh Zayed, Giza, Egypt ",Full TimeExperienced  4+ Yrs of Exp  males_only  IT/Software Development  Engineering - Telecom/Technology  ASP.NET  ADO.NET  C#.Net  .NET  .NEt Full Stack Developer  Full Stack Developer  java  Python,/jobs/p/DEBua6zk9iOo-Senior-NET-Full-Stack-Developer-NET-Core-Angular-Lumin-Giza-Egypt?o=109&l=sp&t=sj&a=front-end|search-v3|hpb,1 day ago
Senior PHP Developer,Edentech -,"Cairo, Egypt ",Full TimeExperienced  6 - 10 Yrs of Exp  IT/Software Development  Engineering - Telecom/Technology  PHP Development  Laravel PHP  Software Development  Angular  CSS  HTML  CSS3  Git,/jobs/p/Ju6Hfn37qOud-Senior-PHP-Developer-Edentech-Cairo-Egypt?o=110&l=sp&t=sj&a=front-end|search-v3|hpb,7 days ago
Full Stack Developer,Worex -,"Maadi, Cairo, Egypt ",Full TimeExperienced  2 - 4 Yrs of Exp  IT/Software Development  Engineering - Telecom/Technology  Computer Engineering  Engineering  Computer Science  JavaScript  Information Technology (IT)  HTML5  Software Development,/jobs/p/zGBjxTXyYHUC-Full-Stack-Developer-Worex-Cairo-Egypt?o=111&l=sp&t=sj&a=front-end|search-v3|hpb,5 days ago
ASP .NET Developer,Restart Technology -,"Heliopolis, Cairo, Egypt ",Full TimeExperienced  3 - 5 Yrs of Exp  IT/Software Development  Engineering - Telecom/Technology  .Net  Agile  ASP.Net  Computer Science  CSS3  Git  HTML5  Information Technology (IT),/jobs/p/DRrLvLU64qB0-ASP-NET-Developer-Restart-Technology-Cairo-Egypt?o=112&l=sp&t=sj&a=front-end|search-v3|hpb,6 days ago
Java Developer (FinTech),Bright Creations -,"Smart Village, Giza, Egypt ",Full TimeExperienced  4+ Yrs of Exp  IT/Software Development  Engineering - Telecom/Technology  back-end  APIs  Computer Science  Engineering  Software Development  Java  MVC  RESTful,/jobs/p/Tiaz4nYviy40-Java-Developer-FinTech-Bright-Creations-Giza-Egypt?o=113&l=sp&t=sj&a=front-end|search-v3|hpb,1 day ago
Next.js Developer,Brandimic -,"Alsadat City, Monufya, Egypt ",Full TimeExperienced  4 - 6 Yrs of Exp  IT/Software Development  HTML5  CSS3  JavaScript  Typescript  ECMAScript  React.js  JSON  REST  API,/jobs/p/yLHhSL8PKiZy-Nextjs-Developer-Brandimic-Monufya-Egypt?o=114&l=sp&t=sj&a=front-end|search-v3|hpb,12 days ago
Software Engineer,Muqbis -,"Maadi, Cairo, Egypt ",Full TimeExperienced  1 - 3 Yrs of Exp  IT/Software Development  Computer Science  PHP  Programming  Software Development  Software Engineering,/jobs/p/F2XpFrKs9L70-Software-Engineer-Muqbis-Cairo-Egypt?o=115&l=sp&t=sj&a=front-end|search-v3|hpb,15 days ago
Sales Representative (B2B) FMCG,Premier Services and Recruitment -,"Cairo, Egypt ",Full TimeExperienced  5 - 7 Yrs of Exp  Sales/Retail  Customer Service  Sales  Communication,/jobs/p/lG4up2qw7hHg-Sales-Representative-B2B-FMCG-Premier-Services-and-Recruitment-Cairo-Egypt?o=116&l=sp&t=sj&a=front-end|search-v3|hpb,19 days ago
Full Stack (Node/Flutter) Developer,Anyware Software -,"Maadi, Cairo, Egypt ",Full TimeEntry Level  2 - 4 Yrs of Exp  IT/Software Development  Engineering - Telecom/Technology  Node  Flutter  Google Cloud,/jobs/p/Q7xQOjUucf6g-Full-Stack-NodeFlutter-Developer-Anyware-Software-Cairo-Egypt?o=117&l=sp&t=sj&a=front-end|search-v3|hpb,2 months ago
Full Stack (Node/React) Developer,Anyware Software -,"Maadi, Cairo, Egypt ",Full TimeEntry Level  1 - 3 Yrs of Exp  IT/Software Development  Engineering - Telecom/Technology  Node  React  AWS  Google Cloud,/jobs/p/EEGZ2E9D0Exw-Full-Stack-NodeReact-Developer-Anyware-Software-Cairo-Egypt?o=118&l=sp&t=sj&a=front-end|search-v3|hpb,20 days ago
Senior Full Stack Developer (.NET),DEVOPSolution -,"Nasr City, Cairo, Egypt ",Full TimeExperienced  6+ Yrs of Exp  IT/Software Development  Engineering - Telecom/Technology  .NET Development  Computer Science  Computer Engineering  Information Technology (IT)  .NET  C#  MVC  ASP.NET,/jobs/p/gVGsI4l2lLub-Senior-Full-Stack-Developer-NET-DEVOPSolution-Cairo-Egypt?o=119&l=sp&t=sj&a=front-end|search-v3|hpb,1 month ago
Application Support (Backend Developer),IDH -,"6th of October, Giza, Egypt ",Full TimeExperienced  2 - 3 Yrs of Exp  IT/Software Development  Engineering - Telecom/Technology  Back-End Development  Information Technology (IT)  Application Support  HTML  CSS  Design  Technical Support  Oracle,/jobs/p/OCdVGtbfRoty-Application-Support-Backend-Developer-IDH-Giza-Egypt?o=120&l=sp&t=sj&a=front-end|search-v3|hpb,2 months ago
Sr. UI Designer,42 Group -,"Cairo, Egypt ",Full TimeExperienced  3+ Yrs of Exp  Creative/Design/Art  IT/Software Development  Agile  Design  UI Design  UI/UX  CSS3  HTML5  Information Technology (IT)  UI,/jobs/p/n5syLHDiS2ct-Sr-UI-Designer-42-Group-Cairo-Egypt?o=121&l=sp&t=sj&a=front-end|search-v3|hpb,1 day ago
Technical Lead - Full Stack,ITCan -,"Cairo, Egypt ",Full TimeManager  7 - 10 Yrs of Exp  IT/Software Development  Operations/Management  Engineering - Telecom/Technology  AWS  Angular  Computer Science  Engineering  HTML  CSS  Information Technology (IT),/jobs/p/CzBiUiChp1fJ-Technical-Lead---Full-Stack-ITCan-Cairo-Egypt?o=122&l=sp&t=sj&a=front-end|search-v3|hpb,1 day ago
System Architect / Software Developer,Smart IT -,"Nasr City, Cairo, Egypt ",Full TimeExperienced  7 - 10 Yrs of Exp  Creative/Design/Art  IT/Software Development  Engineering - Telecom/Technology  Computer Science  CSS  jQuery  Software Development  Software  Information Technology (IT)  Web Development,/jobs/p/O8MlNnNHvfny-System-Architect-Software-Developer-Smart-IT-Cairo-Egypt?o=123&l=sp&t=sj&a=front-end|search-v3|hpb,5 days ago
Senior React Developer,Evolvice GmbH -,"Maadi, Cairo, Egypt ",Full TimeExperienced  4 - 10 Yrs of Exp  IT/Software Development  React  Node.js  Java,/jobs/p/FmUlMpFl7B1C-Senior-React-Developer-Evolvice-GmbH-Cairo-Egypt?o=124&l=sp&t=sj&a=front-end|search-v3|hpb,5 days ago
Oracle Database Administrator,Easy System -,"New Capital, Cairo, Egypt ",Full TimePart TimeExperienced  2+ Yrs of Exp  Installation/Maintenance/Repair  IT/Software Development  Engineering - Telecom/Technology  Oracle  Database  Linux  developer  Information Technology (IT)  Computer Science  Software Development,/jobs/p/wy0FwhODaPhV-Oracle-Database-Administrator-Easy-System-Cairo-Egypt?o=125&l=sp&t=sj&a=front-end|search-v3|hpb,5 hours ago
Senior Full Stack Developer,Theexpertologists -,"Abu Qir, Alexandria, Egypt ",Full TimeExperienced  2 - 4 Yrs of Exp  IT/Software Development  HTML  JavaScript  MySQL  Python,/jobs/p/UaU6kWlxZzxN-Senior-Full-Stack-Developer-Theexpertologists-Alexandria-Egypt?o=126&l=sp&t=sj&a=front-end|search-v3|hpb,19 days ago
Full Stack Developer,Qmind -,"Nasr City, Cairo, Egypt ",Full TimeExperienced  2 - 3 Yrs of Exp  IT/Software Development  Engineering - Telecom/Technology  Full Stack  Angular  Git  HTML  JavaScript  MVC  CSS  Computer Science,/jobs/p/Fq4jNImgasxz-Full-Stack-Developer-Qmind-Cairo-Egypt?o=127&l=sp&t=sj&a=front-end|search-v3|hpb,11 days ago
Full Stack Developer,Confidential -,"Smart Village, Giza, Egypt ",Full TimeExperienced  3 - 5 Yrs of Exp  IT/Software Development  .Net  Angular  Computer Science  CSS  Git  HTML5  JavaScript  jQuery  MVC,/jobs/p/qyneastVW2FN-Full-Stack-Developer-Giza-Egypt?o=128&l=sp&t=sj&a=front-end|search-v3|hpb,19 days ago
GIS Developer,Perfect Presentation -,"6th of October, Giza, Egypt ",Full TimeExperienced  4 - 7 Yrs of Exp  IT/Software Development  GIS  JavaScript  Software Development  HTML  Python  SQL  CSS,/jobs/p/lgUaD1YZxhmY-GIS-Developer-Perfect-Presentation-Giza-Egypt?o=129&l=sp&t=sj&a=front-end|search-v3|hpb,25 days ago
"Junior Full Stack, PHP, Drupal Developer",Orange Studio -,"Nasr City, Cairo, Egypt ",Full TimeEntry Level  0 - 5 Yrs of Exp  IT/Software Development  Engineering - Telecom/Technology  PHP  Full Stack  Web Development  Information Technology (IT)  UI  UX  Drupal  Lamp Stack,/jobs/p/TLbfTxk9e62A-Junior-Full-Stack-PHP-Drupal-Developer-Orange-Studio-Cairo-Egypt?o=130&l=sp&t=sj&a=front-end|search-v3|hpb,24 days ago
WordPress Developer,SEOS7 -,"6th of October, Giza, Egypt ",Full TimeManager  2 - 5 Yrs of Exp  IT/Software Development  Engineering - Telecom/Technology  CSS3  Computer Science  WordPress  PHP  JavaScript  HTML5  Information Technology (IT)  JSON,/jobs/p/9FmrpWSJc80Y-WordPress-Developer-SEOS7-Giza-Egypt?o=131&l=sp&t=sj&a=front-end|search-v3|hpb,13 days ago
Full Stack Team Lead remotely for USA,Confidential -,"Nasr City, Cairo, Egypt ",Full TimeExperienced  10 - 17 Yrs of Exp  IT/Software Development  Engineering - Telecom/Technology  Full Stack Development  Java Development  MongoDB  AWS Cloud  Cybersecurity,/jobs/p/xqQKk8LUHsfd-Full-Stack-Team-Lead-remotely-for-USA-Cairo-Egypt?o=132&l=sp&t=sj&a=front-end|search-v3|hpb,1 month ago
Graphic Design Intern,Confidential -,"Cairo, Egypt ",InternshipStudent  Creative/Design/Art  Graphic Design  Adobe illustrator  Adobe Photoshop  Creative  UX  UI  Layout,/internship/jS9zF9WsDNEC-Graphic-Design-Intern-Confidential-Cairo-Egypt?o=133&l=sp&t=sj&a=front-end|search-v3|hpb,25 days ago
Senior Backend Developer,Orion -,"New Cairo, Cairo, Egypt ",Full TimeExperienced  2+ Yrs of Exp  IT/Software Development  Engineering - Telecom/Technology  Back-End Development  Software Development  Software Engineering  APIs  AWS  Computer Engineering  Computer Science  Engineering,/jobs/p/FAAZKaThSTQ4-Senior-Backend-Developer-Orion-Cairo-Egypt?o=134&l=sp&t=sj&a=front-end|search-v3|hpb,20 days ago
Senior Development Engineer,Etisalat Egypt -,"Maadi, Cairo, Egypt ",Full TimeManager  4 - 7 Yrs of Exp  IT/Software Development  Engineering - Telecom/Technology  Engineering - Mechanical/Electrical  Information Technology (IT)  quality  QA  Software Development  Engineering  Software Engineering  Testing,/jobs/p/7SFe2tmMKyyn-Senior-Development-Engineer-Etisalat-Egypt-Cairo-Egypt?o=135&l=sp&t=sj&a=front-end|search-v3|hpb,2 months ago
Senior Business Intelligence Specialist,Johnson Controls -,"Nasr City, Cairo, Egypt ",Full TimeExperienced  3 - 5 Yrs of Exp  Business Development  IT/Software Development  BI  Business Development  Communication  ETL  SAP  SQL  SSIS  Database SQL Server,/jobs/p/Sz009ps8B5th-Senior-Business-Intelligence-Specialist-Johnson-Controls-Cairo-Egypt?o=136&l=sp&t=sj&a=front-end|search-v3|hpb,2 days ago
Senior React JS Developer,Confidential -,"Downtown, Cairo, Egypt ",Full TimeExperienced  3 - 5 Yrs of Exp  IT/Software Development  Computer Science  JavaScript  React  HTML  Git  Information Technology (IT)  Engineering  APIs,/jobs/p/wtRNMcwTuTvV-Senior-React-JS-Developer-Cairo-Egypt?o=137&l=sp&t=sj&a=front-end|search-v3|hpb,5 days ago
Business Application Development Technical Lead (Magento Expert),Seoudi Supermarket -,"6th of October, Giza, Egypt ",Full TimeExperienced  6 - 8 Yrs of Exp  Business Development  IT/Software Development  Engineering - Telecom/Technology  Business Development  Application Development  Computer Science  Information Technology (IT)  GraphQL  JavaScript  Software Development,/jobs/p/C80xh097KyRI-Business-Application-Development-Technical-Lead-Magento-Expert-Seoudi-Supermarket-Giza-Egypt?o=138&l=sp&t=sj&a=front-end|search-v3|hpb,7 days ago
Odoo Developer,Homesde -,"Cairo, Egypt ",Full TimePart TimeExperienced  3+ Yrs of Exp  IT/Software Development  Odoo  Odoo Development  Odoo ERP  HTML  JavaScript  Software Development,/jobs/p/3gK9v23RTwon-Odoo-Developer-Homesde-Cairo-Egypt?o=139&l=sp&t=sj&a=front-end|search-v3|hpb,8 days ago
Laravel Developer,Gebhaly.com -,"Heliopolis, Cairo, Egypt ",Full TimeManager  3 - 6 Yrs of Exp  IT/Software Development  Laravel  APIs  PHP  REST  Testing  MongoDB  Laravel Framework,/jobs/p/u8tzRR6hs5Ac-Laravel-Developer-Gebhaly-com-Cairo-Egypt?o=140&l=sp&t=sj&a=front-end|search-v3|hpb,3 days ago
Node JS Developer,Affsquare -,"Zagazig, Sharqia, Egypt ",Full TimeExperienced  2 - 3 Yrs of Exp  IT/Software Development  Engineering - Telecom/Technology  Information Technology (IT)  Programming  Code Versioning  Computer Science  JavaScript  NodeJS  Software Development  developer,/jobs/p/fuj4wbPKENzI-Node-JS-Developer-Affsquare-Sharqia-Egypt?o=141&l=sp&t=sj&a=front-end|search-v3|hpb,20 days ago
Senior Laravel Developer,Houya Arrow -,"Cairo, Egypt ",Full TimeExperienced  4+ Yrs of Exp  IT/Software Development  Engineering - Telecom/Technology  Laravel  MySQL  OOP  PHP  SQL  Software Development  Programming  Software Engineering,/jobs/p/qlU71jN4ySQP-Senior-Laravel-Developer-Houya-Arrow-Cairo-Egypt?o=142&l=sp&t=sj&a=front-end|search-v3|hpb,1 month ago
Senior PHP Developer (Laravel) (Hybrid),Naqla -,"Nasr City, Cairo, Egypt ",Full TimeWork From HomeExperienced  5+ Yrs of Exp  IT/Software Development  Engineering - Telecom/Technology  Laravel  PHP  Programming  Software Development  Software Engineering  Computer Science  AWS  Information Technology (IT),/jobs/p/Zr04RhrUXeWn-Senior-PHP-Developer-Laravel-Hybrid-Naqla-Cairo-Egypt?o=143&l=sp&t=sj&a=front-end|search-v3|hpb,23 days ago
Junior Odoo Developer,aliaict -,"Nasr City, Cairo, Egypt ",Full TimeExperienced  2 - 4 Yrs of Exp  IT/Software Development  Engineering - Telecom/Technology  Computer Science  CSS  Agile  Information Technology (IT)  HTML  Software Development  Odoo  Programming,/jobs/p/8nLvJcJGYtGl-Junior-Odoo-Developer-aliaict-Cairo-Egypt?o=144&l=sp&t=sj&a=front-end|search-v3|hpb,12 days ago
Senior .NET Developer,Multi Level Group (MLG) -,"Maadi, Cairo, Egypt ",Full TimeExperienced  5 - 10 Yrs of Exp  IT/Software Development  Engineering - Telecom/Technology  .Net  APIs  Agile  SQL  SQL Server  Troubleshooting  Web Services  Software Development,/jobs/p/IxlK0tx2GHPU-Senior-NET-Developer-Multi-Level-Group-MLG-Cairo-Egypt?o=145&l=sp&t=sj&a=front-end|search-v3|hpb,22 days ago
Dot Net Developer,Outservingplus -,"Haram, Giza, Egypt ",Full TimeExperienced  1 - 4 Yrs of Exp  IT/Software Development  ASP  .Net  Computer Science  C#  NET  Software Engineering,/jobs/p/vohc7bFezSdW-Dot-Net-Developer-Outservingplus-Giza-Egypt?o=146&l=sp&t=sj&a=front-end|search-v3|hpb,14 days ago
Senior web developer,Digital Oarks -,"6th of October, Giza, Egypt ",Full TimeExperienced  5 - 7 Yrs of Exp  IT/Software Development  developer  web developer  senior,/jobs/p/SBxhtSSzrnzU-Senior-web-developer-Digital-Oarks-Giza-Egypt?o=147&l=sp&t=sj&a=front-end|search-v3|hpb,15 days ago
Backend Developer,Caelum Egypt -,"Dokki, Giza, Egypt ",Full TimeExperienced  3+ Yrs of Exp  IT/Software Development  Engineering - Telecom/Technology  Computer Engineering  Computer Science  Development  Engineering  Information Technology (IT)  Database  MongoDB  MySQL,/jobs/p/dAlrOeA6Qsdk-Backend-Developer-Caelum-Egypt-Giza-Egypt?o=148&l=sp&t=sj&a=front-end|search-v3|hpb,26 days ago
Oracle Netsuite Admin,Sword Egypt -,"Maadi, Cairo, Egypt ",Full TimeEntry Level  1 - 3 Yrs of Exp  IT/Software Development  Engineering - Telecom/Technology  Information Technology (IT)  Software Development  Oracle  NetSuite,/jobs/p/1dEJi4Ls7Pg4-Oracle-Netsuite-Admin-Sword-Egypt-Cairo-Egypt?o=149&l=sp&t=sj&a=front-end|search-v3|hpb,22 days ago
Backend Developer,American Academy -,"6th of October, Giza, Egypt ",Full TimeEntry Level  1 - 1 Yrs of Exp  Creative/Design/Art  IT/Software Development  Engineering - Telecom/Technology  AWS  Computer Science  CSS  Engineering  Information Technology (IT)  JavaScript  Web Development,/jobs/p/uJeP6KDiA3on-Backend-Developer-American-Academy-Giza-Egypt?o=150&l=sp&t=sj&a=front-end|search-v3|hpb,2 months ago
Web Designer,wolfers -,"Giza, Egypt ",Full TimeExperienced  3 - 5 Yrs of Exp  IT/Software Development  Engineering - Telecom/Technology  Adobe illustrator  Computer Science  Development  Engineering  illustrator  Information Technology (IT)  Design  photoshop,/jobs/p/nxsGI1qEwXSh-Web-Designer-wolfers-Giza-Egypt?o=151&l=sp&t=sj&a=front-end|search-v3|hpb,10 hours ago
System Administrator,The Translation Gate -,"Maadi, Cairo, Egypt ",Full TimeEntry Level  0 - 2 Yrs of Exp  IT/Software Development  Engineering - Telecom/Technology  Information Technology (IT)  HTML  JavaScript  PHP  Engineering  Design  Database  Computer Science,/jobs/p/Ekz5vLO93kJc-System-Administrator-The-Translation-Gate-Cairo-Egypt?o=152&l=sp&t=sj&a=front-end|search-v3|hpb,12 hours ago
Mid-level Dot Net Software Developer,Kick Start Interactive -,"Dokki, Giza, Egypt ",Full TimeExperienced  3 - 4 Yrs of Exp  IT/Software Development  Azure  Git  Software Development  core  SQL  .Net  .Net Framework  .Net Development,/jobs/p/weXmLjSNPRgZ-Mid-level-Dot-Net-Software-Developer-Kick-Start-Interactive-Giza-Egypt?o=153&l=sp&t=sj&a=front-end|search-v3|hpb,1 day ago
React Native Lead,Ejada  -,"Cairo, Egypt ",Full TimeExperienced  6+ Yrs of Exp  IT/Software Development  Engineering - Telecom/Technology  React Native  AngularJS  Vue.js  HTML5  CSS  JavaScript  MVC Architecture  REST,/jobs/p/7IXg9sBhBQy0-React-Native-Lead-Ejada-Cairo-Cairo-Egypt?o=154&l=sp&t=sj&a=front-end|search-v3|hpb,1 month ago
Senior React Native Developer,Ejada  -,"Cairo, Egypt ",Full TimeExperienced  4 - 7 Yrs of Exp  IT/Software Development  Engineering - Telecom/Technology  React Native  AngularJS  Vue.js  HTML5  CSS  JavaScript  MVC Architecture  REST,/jobs/p/rhcy3qcQdQmW-Senior-React-Native-Developer-Ejada-Cairo-Cairo-Egypt?o=155&l=sp&t=sj&a=front-end|search-v3|hpb,1 month ago
Senior Full-stack developer For GoalMax,GoalMax -,"Cairo, Egypt ",Full TimeWork From HomeExperienced  3 - 6 Yrs of Exp  IT/Software Development  Angular  APIs  REST  Software Development  Information Technology (IT),/jobs/p/tcxGPkjaL8ke-Senior-Full-stack-developer-For-GoalMax-GoalMax-Cairo-Egypt?o=156&l=sp&t=sj&a=front-end|search-v3|hpb,23 days ago
.net web developer,Emaxit -,"Dokki, Giza, Egypt ",Full TimeExperienced  2 - 4 Yrs of Exp  IT/Software Development  ASP.Net  Software Development  Web Development,/jobs/p/TFBgkDhLyBpt-net-web-developer-Emaxit-Giza-Egypt?o=157&l=sp&t=sj&a=front-end|search-v3|hpb,23 days ago
Technical Manager (Java),SSC Egypt -,"Maadi, Cairo, Egypt ",Full TimeManager  6 - 8 Yrs of Exp  IT/Software Development  Engineering - Telecom/Technology  Computer Engineering  Computer Science  Design  Development  Git  Engineering  Information Technology (IT)  Java,/jobs/p/kzAJFK1iYvWI-Technical-Manager-Java-SSC-Egypt-Cairo-Egypt?o=158&l=sp&t=sj&a=front-end|search-v3|hpb,22 days ago
Wordpress Developer,Emaxit -,"Dokki, Giza, Egypt ",Full TimeExperienced  3 - 6 Yrs of Exp  IT/Software Development  E-Commerce  Magento  WordPress Development,/jobs/p/A8inkBZlcd9s-Wordpress-Developer-Emaxit-Giza-Egypt?o=159&l=sp&t=sj&a=front-end|search-v3|hpb,14 days ago
"Full Stack Developer (.NET core , Angular 8+)",Smart IT -,"Nasr City, Cairo, Egypt ",Full TimeExperienced  5+ Yrs of Exp  IT/Software Development  Engineering - Telecom/Technology  Information Technology (IT)  Software Development  Software Engineering  OOP  ASP.NET  C#.Net  ADO.NET  SQL,/jobs/p/penCLgvTR6PN-Full-Stack-Developer-NET-core-Angular-8-Smart-IT-Cairo-Egypt?o=160&l=sp&t=sj&a=front-end|search-v3|hpb,19 days ago
Team Leader- Software Developer,nichepharma -,"Sheikh Zayed, Giza, Egypt ",Full TimePart TimeWork From HomeExperienced  3 - 6 Yrs of Exp  IT/Software Development  Software Development  Web Development,/jobs/p/AzQaOKYm4mu3-Team-Leader--Software-Developer-nichepharma-Giza-Egypt?o=161&l=sp&t=sj&a=front-end|search-v3|hpb,14 days ago
Full Stack Developer (PHP),Confidential -,"Cairo, Egypt ",Full TimeWork From HomeExperienced  5 - 8 Yrs of Exp  IT/Software Development  Engineering - Telecom/Technology  Angular  Computer Science  HTML  Information Technology (IT)  jQuery  Software Development  PHP  SQL,/jobs/p/2UUHLY3mumUD-Full-Stack-Developer-PHP-Cairo-Egypt?o=162&l=sp&t=sj&a=front-end|search-v3|hpb,1 month ago
Digital operations Coordinator,Egypt Gold  -,"Heliopolis, Cairo, Egypt ",Full TimeEntry Level  1 - 3 Yrs of Exp  Other  Operations  Digital Marketing,/jobs/p/wY05NxXEdY7L-Digital-operations-Coordinator-Egypt-Gold-Cairo-Egypt?o=163&l=sp&t=sj&a=front-end|search-v3|hpb,12 days ago
Senior Application Support,Algoriza -,"Cairo, Egypt ",Full TimeExperienced  5+ Yrs of Exp  IT/Software Development  Computer Science  Application Support,/jobs/p/MeGksmAjcaY8-Senior-Application-Support-Algoriza-Cairo-Egypt?o=164&l=sp&t=sj&a=front-end|search-v3|hpb,13 days ago
Sharepoint Developer / Designer,Tafeel -,"Nasr City, Cairo, Egypt ",Full TimeExperienced  2+ Yrs of Exp  males_only  Installation/Maintenance/Repair  IT/Software Development  Engineering - Telecom/Technology  .Net  ASP.Net  Computer Science  CSS  HTML5  Information Technology (IT)  JavaScript,/jobs/p/jO4wIaU0MUEZ-Sharepoint-Developer-Designer-Tafeel-Cairo-Egypt?o=165&l=sp&t=sj&a=front-end|search-v3|hpb,29 days ago
Software Project Manager,National Data Management -,"Hadayek Alahram, Giza, Egypt ",Full TimeExperienced  5 - 10 Yrs of Exp  males_preferred  IT/Software Development  Computer Science  Project Management  .net core  Angular  Agile  Microsoft SQL Server  Windows Forms  Problem Solving  Design,/jobs/p/lcCN1h97pg5z-Software-Project-Manager-National-Data-Management-Giza-Egypt?o=166&l=sp&t=sj&a=front-end|search-v3|hpb,5 days ago
Senior PHP Developer,Perfect Presentation -,"6th of October, Giza, Egypt ",Full TimeExperienced  4 - 7 Yrs of Exp  IT/Software Development  PHP  PHP Development  Software Development  Software  Software Engineering,/jobs/p/QwvBg7X41q6h-Senior-PHP-Developer-Perfect-Presentation-Giza-Egypt?o=167&l=sp&t=sj&a=front-end|search-v3|hpb,5 days ago
Senior Java Developer,Agile Technologies  -,"Cairo, Egypt ",Full TimeExperienced  4 - 7 Yrs of Exp  IT/Software Development  Engineering - Telecom/Technology  API  backend  Computer Science  Design  Design Patterns  Development  Information Technology (IT)  Java,/jobs/p/xZhE0QIKM6WO-Senior-Java-Developer-Agile-Technologies-Cairo-Egypt?o=168&l=sp&t=sj&a=front-end|search-v3|hpb,1 month ago
PHP Full Stack Developer,OctopusPro Pty Ltd -,"Nasr City, Cairo, Egypt ",Full TimeExperienced  3 - 10 Yrs of Exp  IT/Software Development  Engineering - Telecom/Technology  Information Technology (IT)  Computer Science  Software Development  javaScript  CSS  Software Engineering  HTML  SQL,/jobs/p/E4SGVB68rJHc-PHP-Full-Stack-Developer-OctopusPro-Pty-Ltd-Cairo-Egypt?o=169&l=sp&t=sj&a=front-end|search-v3|hpb,12 days ago
Full Stack Developer,Khales -,"Giza, Egypt ",Full TimeExperienced  3 - 5 Yrs of Exp  IT/Software Development  Engineering - Telecom/Technology  back-end  Agile  Python  API  Java  Web Development  Development  Bootstrap,/jobs/p/X94ykOAWiSr9-Full-Stack-Developer-Khales-Giza-Egypt?o=170&l=sp&t=sj&a=front-end|search-v3|hpb,2 months ago
Python Developer,OdooTec -,"New Cairo, Cairo, Egypt ",Full TimeEntry Level  1 - 2 Yrs of Exp  IT/Software Development  Engineering - Telecom/Technology  Odoo  MVC  Information Technology (IT)  Computer Science  Python  Software Development  CSS  Design,/jobs/p/KSVJ4un64xm6-Python-Developer-OdooTec-Cairo-Egypt?o=171&l=sp&t=sj&a=front-end|search-v3|hpb,1 month ago
Senior .Net Developer,egabi solutions -,"Cairo, Egypt ",Full TimeExperienced  4 - 7 Yrs of Exp  IT/Software Development  Engineering - Telecom/Technology  C#  ASP.NET  .NET  javaScript  jQuery  SQL  HTML  CSS,/jobs/p/wcRmnzP194lX-Senior-Net-Developer-egabi-solutions-Cairo-Egypt?o=172&l=sp&t=sj&a=front-end|search-v3|hpb,13 days ago
Senior Javascript Developer,Longman Egypt -,"Dokki, Giza, Egypt ",Full TimeExperienced  5 - 6 Yrs of Exp  IT/Software Development  Engineering - Telecom/Technology  Computer Science  Information Technology (IT)  HTML  JavaScript  RESTful  React  Git  Software Development,/jobs/p/Aak4E2C9MiWa-Senior-Javascript-Developer-Longman-Egypt-Giza-Egypt?o=173&l=sp&t=sj&a=front-end|search-v3|hpb,21 days ago
Senior Vue Developer,Our Education -,"Nasr City, Cairo, Egypt ",Full TimeExperienced  3 - 5 Yrs of Exp  IT/Software Development  Engineering - Telecom/Technology  Information Technology (IT)  CSS  javaScript  HTML5  Vue  CSS3  React  SASS,/jobs/p/Ufq2BDnngHXV-Senior-Vue-Developer-Our-Education-Cairo-Egypt?o=174&l=sp&t=sj&a=front-end|search-v3|hpb,22 days ago
React Native Developer,Bright Creations -,"Smart Village, Giza, Egypt ",Full TimeFreelance / ProjectExperienced  3+ Yrs of Exp  IT/Software Development  Engineering - Telecom/Technology  React  React Native  JavaScript  Typescript  Software Development  Mobile Development  Development  Engineering,/jobs/p/OwpzvhfVnry5-React-Native-Developer-Bright-Creations-Giza-Egypt?o=175&l=sp&t=sj&a=front-end|search-v3|hpb,1 month ago
Web Developer,PAFT -,"6th of October, Giza, Egypt ",Full TimeEntry Level  1 - 3 Yrs of Exp  IT/Software Development  Engineering - Telecom/Technology  .Net  ASP.Net  Computer Science  Full Stack  Information Technology (IT)  Web Development  SQL  Software Development,/jobs/p/F0gpg7EF7r5x-Web-Developer-PAFT-Giza-Egypt?o=176&l=sp&t=sj&a=front-end|search-v3|hpb,22 days ago
Kotlin Developer - FinTech,Bright Creations -,"Smart Village, Giza, Egypt ",Full TimeExperienced  4+ Yrs of Exp  IT/Software Development  Engineering - Telecom/Technology  Kotlin  Java  APIs  Engineering  RESTful  RESTful APIs  Software  Software Development,/jobs/p/tD1HfvrFFkiV-Kotlin-Developer---FinTech-Bright-Creations-Giza-Egypt?o=177&l=sp&t=sj&a=front-end|search-v3|hpb,1 month ago
Senior React Native Developer,Our Education -,"Nasr City, Cairo, Egypt ",Full TimeExperienced  2 - 4 Yrs of Exp  Creative/Design/Art  IT/Software Development  Engineering - Telecom/Technology  Information Technology (IT)  Software Development  javaScript  React Native  Android  React  Computer Science,/jobs/p/d5VlLIMNVvhi-Senior-React-Native-Developer-Our-Education-Cairo-Egypt?o=178&l=sp&t=sj&a=front-end|search-v3|hpb,20 days ago
.NET Developer,Bydotpy -,"New Cairo, Cairo, Egypt ",Full TimeExperienced  3 - 6 Yrs of Exp  IT/Software Development  .Net  ASP,/jobs/p/3VoQ50mXmCxF-NET-Developer-Bydotpy-Cairo-Egypt?o=179&l=sp&t=sj&a=front-end|search-v3|hpb,1 month ago
Backend Developer,The stock -,"6th of October, Giza, Egypt ",Full TimeExperienced  4 - 7 Yrs of Exp  IT/Software Development  Engineering - Telecom/Technology  back-end  Computer Science  PHP  Laravel  Git  Software Engineering  MySQL  Information Technology (IT),/jobs/p/FdzPxuOi3qzV-Backend-Developer-The-stock-Giza-Egypt?o=180&l=sp&t=sj&a=front-end|search-v3|hpb,2 months ago
.Net Technical Lead,ArabDT -,"Cairo, Egypt ",Full TimeManager  9+ Yrs of Exp  IT/Software Development  Engineering - Telecom/Technology  Angular  Computer Science  Agile  .Net  Design  Engineering  Git  Information Technology (IT),/jobs/p/Si1316siPZxm-Net-Technical-Lead-ArabDT-Cairo-Egypt?o=181&l=sp&t=sj&a=front-end|search-v3|hpb,29 days ago
Net.developer,Euruq AlSahra -,"Nasr City, Cairo, Egypt ",Full TimeExperienced  3 - 7 Yrs of Exp  IT/Software Development  ASP.Net  HTML5,/jobs/p/X4Tijn2KEjt8-Netdeveloper-Euruq-AlSahra-Cairo-Egypt?o=182&l=sp&t=sj&a=front-end|search-v3|hpb,27 days ago
Full Stack .NET Developer,"Nile Bits, LLC -","6th of October, Giza, Egypt ",Full TimeWork From HomeExperienced  5 - 10 Yrs of Exp  IT/Software Development  ASP.Net  JavaScript  MVC  .Net,/jobs/p/ZKvwb6ndcZDi-Full-Stack-NET-Developer-Nile-Bits-LLC-Giza-Egypt?o=183&l=sp&t=sj&a=front-end|search-v3|hpb,1 month ago
PHP Engineering Manager,Confidential -,"Nasr City, Cairo, Egypt ",Full TimeManager  4+ Yrs of Exp  IT/Software Development  Engineering - Telecom/Technology  Android  Mobile Development  Software Development  Android SDK  Android Studio  Computer Science  Information Technology (IT)  Engineering,/jobs/p/4AjPZuj0ucSs-PHP-Engineering-Manager-Cairo-Egypt?o=184&l=sp&t=sj&a=front-end|search-v3|hpb,1 month ago
PHP Team Coach,The Translation Gate -,"Maadi, Cairo, Egypt ",Full TimeManager  5+ Yrs of Exp  IT/Software Development  Engineering - Telecom/Technology  CodeIgniter  Computer Science  PHP  MVC  MySQL  JavaScript  Software Development  Engineering,/jobs/p/A7IQSI38OlwH-PHP-Team-Coach-The-Translation-Gate-Cairo-Egypt?o=185&l=sp&t=sj&a=front-end|search-v3|hpb,1 month ago
Junior Software Developer,Amriya Pharmaceutical Industries -,"Ameria, Alexandria, Egypt ",Full TimeEntry Level  0 - 2 Yrs of Exp  IT/Software Development  Engineering - Telecom/Technology  Information Technology (IT)  Computer Science  Engineering  Computer Engineering  Software Development,/jobs/p/6mxsu38sp272-Junior-Software-Developer-Amriya-Pharmaceutical-Industries-Alexandria-Egypt?o=186&l=sp&t=sj&a=front-end|search-v3|hpb,1 month ago
Full Stack Software Engineer,Callvita -,"Maadi, Cairo, Egypt ",Full TimeEntry Level  1 - 5 Yrs of Exp  IT/Software Development  Engineering - Telecom/Technology  Software Development  Computer Science  Computer Engineering  javaScript  Software  Engineering  Git  Agile,/jobs/p/3Ff150HjKnZW-Full-Stack-Software-Engineer-Callvita-Cairo-Egypt?o=187&l=sp&t=sj&a=front-end|search-v3|hpb,1 month ago
Senior Full Stack Developer,Perfect Presentation -,"6th of October, Giza, Egypt ",Full TimeExperienced  5 - 7 Yrs of Exp  IT/Software Development  Engineering - Telecom/Technology  .Net  Angular  HTML5  HTML  MVC  Software Development  Information Technology (IT)  Computer Science,/jobs/p/Wfs7lLoBbtF6-Senior-Full-Stack-Developer-Perfect-Presentation-Giza-Egypt?o=188&l=sp&t=sj&a=front-end|search-v3|hpb,27 days ago
Senior Laravel Developer (Work from office),Storage it Solutions -,"Maadi, Cairo, Egypt ",Full TimeExperienced  4+ Yrs of Exp  IT/Software Development  Engineering - Telecom/Technology  Computer Science  Information Technology (IT)  senior  developer  Laravel  laravel developer  Design  HTML,/jobs/p/hCPotzZIZr1I-Senior-Laravel-Developer-Work-from-office-Storage-it-Solutions-Cairo-Egypt?o=189&l=sp&t=sj&a=front-end|search-v3|hpb,1 month ago
Senior Mobile Developer - Flutter (FinTech),Bright Creations -,"Smart Village, Giza, Egypt ",Full TimeFreelance / ProjectExperienced  4+ Yrs of Exp  IT/Software Development  Engineering - Telecom/Technology  Mobile Development  Mobile Developing  Flutter  iOS Development  Android Development  API  APIs  Computer Science,/jobs/p/aEKqRSyHO0yH-Senior-Mobile-Developer---Flutter-FinTech-Bright-Creations-Giza-Egypt?o=190&l=sp&t=sj&a=front-end|search-v3|hpb,1 month ago
PHP Engineering Lead,Confidential -,"Nasr City, Cairo, Egypt ",Full TimeManager  4+ Yrs of Exp  IT/Software Development  Engineering - Telecom/Technology  Android  Mobile Development  Software Development  Android SDK  Android Studio  Computer Science  Information Technology (IT)  Engineering,/jobs/p/WNHgiT6psVVI-PHP-Engineering-Lead-Cairo-Egypt?o=191&l=sp&t=sj&a=front-end|search-v3|hpb,1 month ago
Database Administrator,Perfect Presentation -,"6th of October, Giza, Egypt ",Full TimeExperienced  5 - 7 Yrs of Exp  Installation/Maintenance/Repair  IT/Software Development  Engineering - Telecom/Technology  Database  Database Administrator  DBA  Computer Science  Data Backup  Database Design  Information Technology (IT),/jobs/p/Q2sdpR9GvVJC-Database-Administrator-Perfect-Presentation-Giza-Egypt?o=192&l=sp&t=sj&a=front-end|search-v3|hpb,1 month ago
Web Designer,Smartpan -,"Nasr City, Cairo, Egypt ",Full TimeExperienced  3 - 5 Yrs of Exp  Creative/Design/Art  IT/Software Development  Engineering - Telecom/Technology  CSS  Computer Science  Adobe Photoshop  Adobe illustrator  Graphic Design  Design  HTML,/jobs/p/Z6wYvjZYLyHn-Web-Designer-Smartpan-Cairo-Egypt?o=193&l=sp&t=sj&a=front-end|search-v3|hpb,2 months ago
PHP Developer,Mishkat Nour -,"Port Said, Egypt ",Full TimeEntry Level  1 - 2 Yrs of Exp  IT/Software Development  Engineering - Telecom/Technology  C#  Computer Science  Programming  Programming Languages  Larvel  Design  Software Engineering  Software Development,/jobs/p/Ayzj8Qaqmokz-PHP-Developer-Mishkat-Nour-Port-Said-Egypt?o=194&l=sp&t=sj&a=front-end|search-v3|hpb,1 month ago
Senior iOS Developer,Sarmady -,"Mohandessin, Giza, Egypt ",Full TimeExperienced  3+ Yrs of Exp  IT/Software Development  Engineering - Telecom/Technology  iOS  Software Development  REST  JSON  Objective-C  Information Technology (IT)  Engineering  Swift,/jobs/p/ONPau9dDceje-Senior-iOS-Developer-Sarmady-Giza-Egypt?o=195&l=sp&t=sj&a=front-end|search-v3|hpb,1 month ago
Software Manager,Selah ElTelmeez For Publishing & printing -,"Obour City, Cairo, Egypt ",Full TimeManager  7 - 10 Yrs of Exp  IT/Software Development  Project/Program Management  Computer Science  Information Technology (IT)  Software Development  software manager  Software,/jobs/p/PAMwhqSG89VD-Software-Manager-Selah-ElTelmeez-For-Publishing-printing-Cairo-Egypt?o=196&l=sp&t=sj&a=front-end|search-v3|hpb,1 month ago
Senior Java Developer,Wonder Travel -,"Maadi, Cairo, Egypt ",Full TimeExperienced  5+ Yrs of Exp  males_preferred  IT/Software Development  Engineering - Telecom/Technology  Computer Engineering  Computer Science  Information Technology (IT)  OOP  Java  Software Engineering  Spring  Hibernate,/jobs/p/ZHYfSqj6yCNP-Senior-Java-Developer-Wonder-Travel-Cairo-Egypt?o=197&l=sp&t=sj&a=front-end|search-v3|hpb,1 month ago
Senior Backend Developer,Sulfah -,"Maadi, Cairo, Egypt ",Full TimeExperienced  4 - 8 Yrs of Exp  IT/Software Development  Backend developer  Software Development  Information Technology (IT),/jobs/p/bd7Lh5i01taZ-Senior-Backend-Developer-Sulfah-Cairo-Egypt?o=198&l=sp&t=sj&a=front-end|search-v3|hpb,1 month ago
Flutter Developer & Full Stack Web Developer,AGG Information Technology  -,"Nasr City, Cairo, Egypt ",Full TimeExperienced  2 - 4 Yrs of Exp  IT/Software Development  Project/Program Management  Engineering - Telecom/Technology  Full Stack  Computer Science  Software Development  jQuery  Web Development  HTML  Git,/jobs/p/ypFxkM3d01v0-Flutter-Developer-Full-Stack-Web-Developer-AGG-Information-Technology-Cairo-Egypt?o=199&l=sp&t=sj&a=front-end|search-v3|hpb,2 months ago
.NET Developer (Alex & Cairo),El Rizk Trading -,"Alexandria, Egypt ",Full TimeExperienced  3 - 6 Yrs of Exp  IT/Software Development  .Net  Software Development  APIs,/jobs/p/OPBtEvxdYLHl-NET-Developer-Alex-Cairo-El-Rizk-Trading-Alexandria-Egypt?o=200&l=sp&t=sj&a=front-end|search-v3|hpb,1 month ago
Senior Software Engineer,Confidential -,"Nasr City, Cairo, Egypt ",Full TimeExperienced  5+ Yrs of Exp  IT/Software Development  Engineering - Telecom/Technology  Computer Science  engineer  senior  Software Development  Software engineer  Software Engineering  Software  Information Technology (IT),/jobs/p/Z7kPNjAr7K2V-Senior-Software-Engineer-Cairo-Egypt?o=201&l=sp&t=sj&a=front-end|search-v3|hpb,2 months ago
Wordpress Developer,Flojics -,"Alexandria, Egypt ",Full TimeExperienced  3 - 8 Yrs of Exp  IT/Software Development  Engineering - Telecom/Technology  adobe  Adobe illustrator  Computer Science  illustrator  Design  UI  UI/UX  UX,/jobs/p/6jGW4MxC4C7K-Wordpress-Developer-Flojics-Alexandria-Egypt?o=202&l=sp&t=sj&a=front-end|search-v3|hpb,2 months ago
PHP Web Developer,(MSA) October University -,"6th of October, Giza, Egypt ",Full TimeExperienced  4 - 6 Yrs of Exp  IT/Software Development  Engineering - Telecom/Technology  Computer Engineering  Computer Science  HTML5  JavaScript  CSS3  Web Development  PHP  Laravel,/jobs/p/MbrcOgHvgPnS-PHP-Web-Developer-MSA-October-University-Giza-Egypt?o=203&l=sp&t=sj&a=front-end|search-v3|hpb,2 months ago
Python Django Developer,Mentor Seven -,"New Cairo, Cairo, Egypt ",Full TimeEntry Level  1+ Yrs of Exp  IT/Software Development  Engineering - Telecom/Technology  Computer Science  Django  Python  Python Django  Software Development  Information Technology (IT)  ORM  Telecom Engineering,/jobs/p/HlE4ETTJSs9i-Python-Django-Developer-Mentor-Seven-Cairo-Egypt?o=204&l=sp&t=sj&a=front-end|search-v3|hpb,2 months ago
"Full Stack Developer (PHP, Laravel, Next JS)",Keswa -,"Nasr City, Cairo, Egypt ",Full TimeExperienced  3 - 5 Yrs of Exp  IT/Software Development  CSS  HTML  JavaScript  jQuery  MySQL  PHP  Next.js  React.js  Laravel,/jobs/p/sGJDsbVyR1qc-Full-Stack-Developer-PHP-Laravel-Next-JS-Keswa-Cairo-Egypt?o=205&l=sp&t=sj&a=front-end|search-v3|hpb,2 months ago
Senior NET Developer,electrified -,"Downtown, Cairo, Egypt ",Full TimeExperienced  3 - 5 Yrs of Exp  IT/Software Development  .Net  HTML5  Software Development  blazor  MVC  ASP.Net Web API,/jobs/p/eWhw46GIXaDV-Senior-NET-Developer-electrified-Cairo-Egypt?o=206&l=sp&t=sj&a=front-end|search-v3|hpb,2 months ago
ASP.Net Developer,Erpplus5 -,"Maadi, Cairo, Egypt ",Full TimeEntry Level  1+ Yrs of Exp  IT/Software Development  Engineering - Telecom/Technology  .Net  ASP.Net  Computer Science  CSS  HTML  Information Technology (IT)  JavaScript  jQuery,/jobs/p/3pYnjk6q2bFX-ASPNet-Developer-Erpplus5-Cairo-Egypt?o=207&l=sp&t=sj&a=front-end|search-v3|hpb,2 months ago
Cloud Developers Full Stack / Senior,Ejada  -,"Cairo, Egypt ",Full TimeExperienced  5 - 8 Yrs of Exp  IT/Software Development  Engineering - Telecom/Technology  API  Azure  Cloud  Computer Science  Development  Information Technology (IT)  Java  JavaScript,/jobs/p/Rx0uf8JQv4ic-Cloud-Developers-Full-Stack-Senior-Ejada-Cairo-Cairo-Egypt?o=208&l=sp&t=sj&a=front-end|search-v3|hpb,2 months ago
Branch Manager - (Software House Company),Houya Arrow -,"Cairo, Egypt ",Full TimeManager  5+ Yrs of Exp  Administration  Operations/Management  Management  Programming  IT Service Management  Software Development  Sales  sales skills  JavaScript  HTML,/jobs/p/LJSDgqiuaxZa-Branch-Manager---Software-House-Company-Houya-Arrow-Cairo-Egypt?o=209&l=sp&t=sj&a=front-end|search-v3|hpb,2 months ago
React Developer,Confidential -,"10th of Ramadan City, Cairo, Egypt ",Full TimeExperienced  3 - 5 Yrs of Exp  IT/Software Development  Information Technology (IT)  Software Development  Computer Science  React Developer  React  React js  developer,/jobs/p/YrXZ6iaLQkrz-React-Developer-Cairo-Egypt?o=210&l=sp&t=sj&a=front-end|search-v3|hpb,2 months ago
ADF Developer,SURE International Technology -,"Cairo, Egypt ",Full TimeWork From HomeExperienced  2 - 5 Yrs of Exp  IT/Software Development  Engineering - Telecom/Technology  ADF  Oracle ADF  Oracle  Computer Science  Information Technology (IT)  BPM  Computer Engineering  Database,/jobs/p/QV4tMycqKDfu-ADF-Developer-SURE-International-Technology-Cairo-Egypt?o=211&l=sp&t=sj&a=front-end|search-v3|hpb,2 months ago
Senior PHP Developer,Smart Technologies -,"Nasr City, Cairo, Egypt ",Full TimeExperienced  4 - 10 Yrs of Exp  IT/Software Development  Engineering - Telecom/Technology  APIs  Computer Science  PHP  Software Development  JavaScript  CSS3  Design  HTML5,/jobs/p/QpSNT2VHhTcN-Senior-PHP-Developer-Smart-Technologies-Cairo-Egypt?o=212&l=sp&t=sj&a=front-end|search-v3|hpb,2 months ago
WordPress Developer,Confidential -,"Alexandria, Egypt ",Full TimePart TimeExperienced  3+ Yrs of Exp  IT/Software Development  Engineering - Telecom/Technology  WP  Information Technology (IT)  WordPress  SEO  Plugins  Computer Science  PHP  Content,/jobs/p/i3aPl82Xb8HK-WordPress-Developer-Alexandria-Egypt?o=213&l=sp&t=sj&a=front-end|search-v3|hpb,2 months ago
Senior Full Stack Developer,e Aswaaq Misr -,"Smart Village, Giza, Egypt ",Full TimeExperienced  5+ Yrs of Exp  IT/Software Development  Engineering - Telecom/Technology  Angular  PHP  Node.js  React  Development  Computer Science  JavaScript  Software Development,/jobs/p/fXMGYQTLJ9Yr-Senior-Full-Stack-Developer-e-Aswaaq-Misr-Giza-Egypt?o=214&l=sp&t=sj&a=front-end|search-v3|hpb,2 months ago
